/*M!999999\- enable the sandbox mode */ 
-- MariaDB dump 10.19  Distrib 10.11.13-MariaDB, for debian-linux-gnu (x86_64)
--
-- Host: localhost    Database: door22_kiosk
-- ------------------------------------------------------
-- Server version	10.11.13-MariaDB-0ubuntu0.24.04.1

/*!40101 SET @OLD_CHARACTER_SET_CLIENT=@@CHARACTER_SET_CLIENT */;
/*!40101 SET @OLD_CHARACTER_SET_RESULTS=@@CHARACTER_SET_RESULTS */;
/*!40101 SET @OLD_COLLATION_CONNECTION=@@COLLATION_CONNECTION */;
/*!40101 SET NAMES utf8mb4 */;
/*!40103 SET @OLD_TIME_ZONE=@@TIME_ZONE */;
/*!40103 SET TIME_ZONE='+00:00' */;
/*!40014 SET @OLD_UNIQUE_CHECKS=@@UNIQUE_CHECKS, UNIQUE_CHECKS=0 */;
/*!40014 SET @OLD_FOREIGN_KEY_CHECKS=@@FOREIGN_KEY_CHECKS, FOREIGN_KEY_CHECKS=0 */;
/*!40101 SET @OLD_SQL_MODE=@@SQL_MODE, SQL_MODE='NO_AUTO_VALUE_ON_ZERO' */;
/*!40111 SET @OLD_SQL_NOTES=@@SQL_NOTES, SQL_NOTES=0 */;

--
-- Table structure for table `header`
--

DROP TABLE IF EXISTS `header`;
/*!40101 SET @saved_cs_client     = @@character_set_client */;
/*!40101 SET character_set_client = utf8mb4 */;
CREATE TABLE `header` (
  `headerID` int(11) NOT NULL AUTO_INCREMENT,
  `title` varchar(100) NOT NULL,
  `date_inputted` datetime NOT NULL,
  `enable` varchar(10) NOT NULL,
  PRIMARY KEY (`headerID`)
) ENGINE=InnoDB AUTO_INCREMENT=2 DEFAULT CHARSET=latin1 COLLATE=latin1_swedish_ci;
/*!40101 SET character_set_client = @saved_cs_client */;

--
-- Dumping data for table `header`
--

LOCK TABLES `header` WRITE;
/*!40000 ALTER TABLE `header` DISABLE KEYS */;
INSERT INTO `header` VALUES
(1,'Door 22 Residence','2016-05-24 10:12:00','yes');
/*!40000 ALTER TABLE `header` ENABLE KEYS */;
UNLOCK TABLES;

--
-- Table structure for table `payment`
--

DROP TABLE IF EXISTS `payment`;
/*!40101 SET @saved_cs_client     = @@character_set_client */;
/*!40101 SET character_set_client = utf8mb4 */;
CREATE TABLE `payment` (
  `paymentID` int(6) unsigned zerofill NOT NULL AUTO_INCREMENT,
  `userID` int(6) unsigned zerofill NOT NULL,
  `full_name` varchar(250) NOT NULL,
  `envelop_no` varchar(50) NOT NULL,
  `amount` varchar(50) NOT NULL,
  `transaction` varchar(50) NOT NULL,
  `payment_type` varchar(50) NOT NULL,
  `cheque_number` varchar(50) NOT NULL,
  `date_time` datetime NOT NULL,
  `account_number` int(6) unsigned zerofill NOT NULL,
  `note` varchar(500) NOT NULL,
  `print` varchar(10) NOT NULL,
  `view` varchar(10) NOT NULL,
  `status` varchar(10) NOT NULL,
  PRIMARY KEY (`paymentID`)
) ENGINE=InnoDB AUTO_INCREMENT=1858 DEFAULT CHARSET=latin1 COLLATE=latin1_swedish_ci;
/*!40101 SET character_set_client = @saved_cs_client */;

--
-- Dumping data for table `payment`
--

LOCK TABLES `payment` WRITE;
/*!40000 ALTER TABLE `payment` DISABLE KEYS */;
INSERT INTO `payment` VALUES
(000049,000002,'Sample 1, Sample 1 Sample 1','103','7500','billing','cash','','2016-06-06 11:58:38',000001,'','yes','yes','ok'),
(000050,000019,'Colinares, Frances ','5','7700','billing','cash','','2016-06-10 08:42:21',207001,'','yes','yes','ok'),
(000051,000033,'Tano, Arlene ','1','6000','billing','cash','','2016-06-13 14:15:08',000022,'labucay dorm - Lymel','yes','yes','ok'),
(000052,000015,'Cortez, Guilbert ','4','8570','billing','cash','','2016-06-13 20:06:31',202001,'','yes','yes','ok'),
(000053,000021,'Salas, Raymond ','3','7750','billing','cash','','2016-06-14 07:38:02',209001,'','yes','yes','ok'),
(000054,000030,'Kasidlakkan, Inc ','27','22023','billing','cheque','954625','2016-06-14 19:24:09',000000,'BPI-Mabolo','yes','yes','ok'),
(000055,000032,'Matulac, Manilyn  ','1','19710','billing','cash','','2016-06-14 19:51:45',000022,'unit A1','yes','yes','ok'),
(000056,000023,'Manloloyo, Rose ','2','8250','billing','cash','','2016-06-14 20:42:55',301001,'','yes','yes','ok'),
(000057,000022,'Facturanan, Ruel ','19','8800','billing','cash','','2016-06-14 20:53:09',300001,'','yes','yes','ok'),
(000058,000031,'Merry Mart,  ','28','5088','billing','cheque','1593777','2016-06-14 21:18:11',000000,'','yes','yes','ok'),
(000059,000032,'Matulac, Manilyn  ','1','24500','billing','cash','','2016-06-15 07:57:56',000022,'unit F1 - Lemuel','yes','yes','ok'),
(000060,000011,'Enriquez, Lester ','17','9000','billing','cash','','2016-06-15 14:56:13',108001,'no receipt','yes','yes','ok'),
(000061,000010,'Metro, Wilfredo ','25','9520','billing','cash','','2016-06-15 18:22:43',107001,'','yes','yes','ok'),
(000062,000024,'Ygot, Rudolph ','13','6850','billing','cash','','2016-06-15 18:47:50',302001,'','yes','yes','ok'),
(000063,000020,'Asistio, Dante ','18','9370','billing','cash','','2016-06-15 18:57:18',208001,'','yes','yes','ok'),
(000064,000018,'Mayol, Nazhelle ','11','9550','billing','cash','','2016-06-15 19:32:49',206001,'','yes','yes','ok'),
(000065,000025,'Aragon, Joseph ','10','7810','billing','cash','','2016-06-15 19:56:34',304001,'coin included P5x2','yes','yes','ok'),
(000066,000033,'Tano, Arlene ','20','5700','billing','cash','','2016-06-16 10:22:57',000022,'room 305 - Maribel','yes','yes','ok'),
(000067,000029,'Labandero, Gabino ','1','9800','billing','cash','','2016-06-16 12:04:54',309001,'','yes','yes','ok'),
(000068,000017,'Fernandez, Maria ','8','8000','billing','cash','','2016-06-16 15:46:45',205001,'no printed receipt include','yes','yes','ok'),
(000069,000033,'Tano, Arlene ','31','1800','billing','cash','','2016-06-16 18:56:55',000022,'labucay - Mary Grace','yes','yes','ok'),
(000070,000007,'Visitacion, Gino ','21','8500','billing','cash','','2016-06-16 21:29:00',104001,'','yes','yes','ok'),
(000071,000012,'Liza, Rogin ','14','8000','billing','cash','','2016-06-17 09:56:38',109001,'','yes','yes','ok'),
(000072,000032,'Matulac, Manilyn  ','45','8881','billing','cheque','3041799','2016-06-17 10:58:23',000022,'8880.80 ','yes','yes','ok'),
(000073,000005,'Ho, Michael ','12','9250','billing','cash','','2016-06-17 14:45:40',102001,'','yes','yes','ok'),
(000074,000033,'Tano, Arlene ','44','6611','billing','cash','','2016-06-17 18:30:44',000022,'','yes','yes','ok'),
(000075,000009,'Escudero, Brando ','6','11169','billing','cheque','95926','2016-06-18 18:37:42',106001,'11,168.75','yes','yes','ok'),
(000076,000014,'Capao, Jean Dexter ','26','8000','billing','cash','','2016-06-20 00:41:15',201001,'','yes','yes','ok'),
(000077,000032,'Matulac, Manilyn  ','49','47838','billing','cheque','6542098594','2016-06-20 16:37:19',000022,'47,837.66','yes','yes','ok'),
(000078,000028,'Macam, Hans ','16','7390','billing','cash','','2016-06-20 19:23:46',308001,'','yes','yes','ok'),
(000079,000008,'Lim, Hannah ','15','10400','billing','cash','','2016-06-20 20:09:42',105001,'','yes','yes','ok'),
(000080,000032,'Matulac, Manilyn  ','46','1800','billing','cash','','2016-06-22 16:40:23',000022,'','yes','yes','ok'),
(000081,000032,'Matulac, Manilyn  ','46','20000','billing','cash','','2016-06-22 16:42:26',000022,'','yes','yes','ok'),
(000083,000032,'Matulac, Manilyn  ','47','20000.00','billing','cash','','2016-06-22 17:00:41',000022,'','yes','yes','ok'),
(000084,000032,'Matulac, Manilyn  ','46','1800.00','billing','cash','','2016-06-22 17:03:13',000022,'','yes','yes','ok'),
(000085,000032,'Matulac, Manilyn  ','48','38000.00','billing','cheque','5452323651','2016-06-26 15:04:24',000022,'','yes','yes','ok'),
(000086,000033,'Tano, Arlene ','39','4000','billing','cash','','2016-06-26 19:44:39',000022,'','yes','yes','ok'),
(000087,000036,'Sotic, Mary Cris ','92','7700','billing','cash','','2016-07-03 19:04:17',303001,'','yes','yes','ok'),
(000088,000036,'Sotic, Mary Cris ','92','7700','billing','cash','','2016-07-03 19:05:42',303001,'','yes','yes','ok'),
(000090,000033,'Tano, Arlene ','75','21000','billing','cash','','2016-07-05 10:12:16',000022,'','yes','yes','ok'),
(000091,000032,'Matulac, Manilyn  ','90','7758.42','billing','cheque','3200589','2016-07-05 10:48:15',000022,'','yes','yes','ok'),
(000092,000019,'Colinares, Frances ','82','7500','billing','cash','','2016-07-07 06:47:40',207001,'','yes','yes','ok'),
(000093,000031,'Merry Mart,  ','60','5365','billing','cheque','1593783','2016-07-09 17:05:41',000000,'cheque amt P5,365.20','yes','yes','ok'),
(000094,000039,'Eborda, Ianna Jean ','100','24600','billing','cash','','2016-07-11 14:55:46',000000,'','yes','yes','ok'),
(000095,000030,'Kasidlakkan, Inc ','59','19891.68','billing','cheque','954634','2016-07-11 19:00:09',000000,'','yes','yes','ok'),
(000096,000041,'Lao, Katrina Joy ','98','1250','billing','cash','','2016-07-12 11:23:01',000000,'','yes','yes','ok'),
(000097,000041,'Lao, Katrina Joy ','88','18000','billing','cheque','503486768','2016-07-12 11:24:40',000000,'','yes','yes','ok'),
(000098,000012,'Liza, Rogin ','96','7020','billing','cash','','2016-07-12 21:57:58',109001,'no prt out receipt attached','yes','yes','ok'),
(000099,000036,'Sotic, Mary Cris ','92','8000','billing','cash','','2016-07-13 09:22:40',303001,'','yes','yes','ok'),
(000100,000029,'Labandero, Gabino ','99','9200','billing','cash','','2016-07-13 19:37:50',309001,'','yes','yes','ok'),
(000101,000022,'Facturanan, Ruel ','87','7100','billing','cash','','2016-07-14 10:17:52',300001,'','yes','yes','ok'),
(000102,000005,'Ho, Michael ','71','8650','billing','cash','','2016-07-14 10:47:50',102001,'','yes','yes','ok'),
(000103,000010,'Metro, Wilfredo ','74','8850','billing','cash','','2016-07-14 20:54:27',107001,'','yes','yes','ok'),
(000104,000042,'Romero, Lemuel ','61','24000.00','billing','cash','','2016-07-15 08:10:38',000000,'','yes','yes','ok'),
(000105,000033,'Tano, Arlene ','86','8000','billing','cash','','2016-07-15 08:54:03',000022,'','yes','yes','ok'),
(000106,000011,'Enriquez, Lester ','77','9100','billing','cash','','2016-07-15 13:00:29',108001,'','yes','yes','ok'),
(000107,000023,'Manloloyo, Rose ','89','7800','billing','cash','','2016-07-15 14:18:47',301001,'','yes','yes','ok'),
(000108,000024,'Ygot, Rudolph ','91','7000.00','billing','cash','','2016-07-15 16:51:15',302001,'','yes','yes','ok'),
(000109,000032,'Matulac, Manilyn  ','38','53056.80','billing','cheque','6542098675','2016-07-15 17:08:13',000022,'','yes','yes','ok'),
(000110,000027,'Anoushirvani, Hamidreza ','22','30100','billing','cash','','2016-07-15 18:57:10',307001,'','yes','yes','ok'),
(000111,000018,'Mayol, Nazhelle ','85','9950','billing','cash','','2016-07-15 19:21:40',206001,'','yes','yes','ok'),
(000112,000009,'Escudero, Brando ','73','10286.25','billing','cheque','1005228','2016-07-15 20:59:39',106001,'','yes','yes','ok'),
(000113,000038,'Chavez, Diana  ','80','232','billing','cash','','2016-07-15 21:33:22',203001,'','yes','yes','ok'),
(000114,000033,'Tano, Arlene ','51','7400','billing','cash','','2016-07-16 08:41:24',000022,'','yes','yes','ok'),
(000115,000007,'Visitacion, Gino ','70','8500','billing','cash','','2016-07-16 10:02:56',104001,'','yes','yes','ok'),
(000116,000020,'Asistio, Dante ','83','9800','billing','cash','','2016-07-16 10:36:39',208001,'','yes','yes','ok'),
(000117,000040,'Bautista, Christopher Aries ','69','1350','billing','cash','','2016-07-16 11:50:07',000000,'','yes','yes','ok'),
(000118,000017,'Fernandez, Maria ','81','7500','billing','cash','','2016-07-16 13:17:48',205001,'','yes','yes','ok'),
(000119,000025,'Aragon, Joseph ','93','10050','billing','cash','','2016-07-16 14:12:35',304001,'','yes','yes','ok'),
(000120,000033,'Tano, Arlene ','84','1800','billing','cash','','2016-07-16 20:04:22',000022,'','yes','yes','ok'),
(000121,000033,'Tano, Arlene ','42','6250','billing','cash','','2016-07-16 20:06:01',000022,'','yes','yes','ok'),
(000122,000026,'Maido, Maribel ','94','5600','billing','cash','','2016-07-16 20:43:16',305001,'','yes','yes','ok'),
(000123,000028,'Macam, Hans ','97','8000','billing','cash','','2016-07-19 20:06:16',308001,'','yes','yes','ok'),
(000124,000019,'Colinares, Frances ','124','7300','billing','cash','','2016-08-05 06:37:46',207001,'','yes','yes','ok'),
(000125,000015,'Sinajon, Joanna Marie ','67','8000','billing','cash','','2016-08-06 18:16:05',202002,'','yes','yes','ok'),
(000126,000008,'Lim, Hannah ','95','10535','billing','cash','','2016-08-07 11:55:53',105001,'no receipt','yes','yes','ok'),
(000127,000032,'Matulac, Manilyn  ','78','20000.00','billing','cash','','2016-08-07 13:18:41',000022,'mike landy','yes','yes','ok'),
(000128,000036,'Sotic, Mary Cris ','125','7600','billing','cash','','2016-08-07 19:12:52',303001,'','yes','yes','ok'),
(000129,000032,'Matulac, Manilyn  ','40','20000.00','billing','cash','','2016-08-08 09:37:07',000022,'mike landy','yes','yes','ok'),
(000130,000033,'Tano, Arlene ','43','8000','billing','cash','','2016-08-08 18:53:08',000022,'lymel - labucay rm 4','yes','yes','ok'),
(000131,000030,'Kasidlakkan, Inc ','126','21600.65','billing','cheque','954639','2016-08-08 19:43:28',000000,'','yes','yes','ok'),
(000132,000021,'Salas, Raymond ','57','8000','billing','cash','','2016-08-08 23:37:09',209001,'','yes','yes','ok'),
(000133,000032,'Matulac, Manilyn  ','41','6000.00','billing','cash','','2016-08-09 08:11:21',000022,'mike landy','yes','yes','ok'),
(000134,000041,'Lao, Katrina Joy ','123','18000','billing','cheque','503486769','2016-08-09 09:52:18',000000,'','yes','yes','ok'),
(000135,000041,'Lao, Katrina Joy ','123','1100','billing','cash','','2016-08-09 09:53:24',000000,'','yes','yes','ok'),
(000136,000010,'Metro, Wilfredo ','32','9000','billing','cash','','2016-08-10 20:08:56',107001,'','yes','yes','ok'),
(000137,000029,'Labandero, Gabino ','62','9000','billing','cash','','2016-08-10 23:29:54',309001,'','yes','yes','ok'),
(000138,000031,'Merry Mart,  ','128','4894.80','billing','cheque','1593795','2016-08-11 10:18:02',000000,'','yes','yes','ok'),
(000139,000038,'Chavez, Diana  ','33','11000','billing','cash','','2016-08-13 00:06:37',203001,'','yes','yes','ok'),
(000140,000033,'Tano, Arlene ','102','1800','billing','cash','','2016-08-13 17:54:14',000022,'Labucay - Mary Grace','yes','yes','ok'),
(000141,000033,'Tano, Arlene ','101','4647.40','billing','cheque','7000457783','2016-08-13 17:56:33',000022,'EXA Sales','yes','yes','ok'),
(000142,000022,'Facturanan, Ruel ','64','7500','billing','cash','','2016-08-14 18:17:37',300001,'','yes','yes','ok'),
(000143,000012,'Liza, Rogin ','66','7100','billing','cash','','2016-08-15 10:20:13',109001,'','yes','yes','ok'),
(000144,000024,'Ygot, Rudolph ','56','6620.00','billing','cash','','2016-08-15 14:48:01',302001,'','yes','yes','ok'),
(000145,000042,'Romero, Lemuel ','121','24000','billing','cash','','2016-08-15 17:22:09',000000,'','yes','yes','ok'),
(000146,000009,'Escudero, Brando ','30','11005','billing','cheque','1098881','2016-08-15 18:15:46',106001,'','yes','yes','ok'),
(000147,000032,'Matulac, Manilyn  ','111','41650.50','billing','cheque','6542104275','2016-08-15 18:23:00',000022,'','yes','yes','ok'),
(000148,000023,'Manloloyo, Rose ','36','7800','billing','cash','','2016-08-15 18:27:58',301001,'','yes','yes','ok'),
(000149,000033,'Tano, Arlene ','103','4294','billing','cash','','2016-08-15 19:06:07',000022,'room # 6','yes','yes','ok'),
(000150,000025,'Aragon, Joseph ','54','7700','billing','cash','','2016-08-15 19:45:54',304001,'','yes','yes','ok'),
(000151,000020,'Asistio, Dante ','29','8350','billing','cash','','2016-08-15 20:48:42',208001,'','yes','yes','ok'),
(000152,000005,'Ho, Michael ','34','8270','billing','cash','','2016-08-15 22:41:41',102001,'','yes','yes','ok'),
(000153,000018,'Mayol, Nazhelle ','58','9900','billing','cash','','2016-08-15 23:24:40',206001,'','yes','yes','ok'),
(000154,000011,'Enriquez, Lester ','53','9120','billing','cash','','2016-08-16 13:03:30',108001,'','yes','yes','ok'),
(000155,000013,'Villanueva, Xerxes Kyle ','52','8000','billing','cash','','2016-08-16 17:23:01',200002,'','yes','yes','ok'),
(000156,000026,'Maido, Maribel ','65','5650','billing','cash','','2016-08-16 20:00:40',305001,'','yes','yes','ok'),
(000157,000033,'Tano, Arlene ','104','5648','billing','cash','','2016-08-16 21:35:00',000022,'Room 2 labucay','yes','yes','ok'),
(000158,000032,'Matulac, Manilyn  ','112','3600.00','billing','cash','','2016-08-17 09:02:41',000022,'unit C1, 1 night P1,600              dep. P1,600','yes','yes','ok'),
(000159,000028,'Macam, Hans ','55','7300','billing','cash','','2016-08-19 21:33:50',308001,'','yes','yes','ok'),
(000160,000017,'Fernandez, Maria ','127','7600','billing','cash','','2016-08-22 23:55:18',205001,'','yes','yes','ok'),
(000161,000040,'Bautista, Christopher Aries ','129','800','billing','cash','','2016-08-23 10:11:18',000000,'','yes','yes','ok'),
(000162,000033,'Tano, Arlene ','105','1100','billing','cash','','2016-08-23 19:53:12',000022,'labucay room 2','yes','yes','ok'),
(000163,000007,'Visitacion, Gino ','35','8500','billing','cash','','2016-08-25 08:56:40',104001,'','yes','yes','ok'),
(000164,000019,'Colinares, Frances ','142','7500','billing','cash','','2016-09-03 07:08:55',207001,'','yes','yes','ok'),
(000165,000041,'Lao, Katrina Joy ','139','1000','billing','cash','','2016-09-04 16:21:12',000000,'','yes','yes','ok'),
(000166,000041,'Lao, Katrina Joy ','139','18000','billing','cheque','503486770','2016-09-04 16:22:16',000000,'','yes','yes','ok'),
(000167,000030,'Kasidlakkan, Inc ','135','22074.30','billing','cheque','954649','2016-09-05 15:53:43',000000,'','yes','yes','ok'),
(000168,000015,'Sinajon, Joanna Marie ','148','9200','billing','cash','','2016-09-11 10:53:41',202002,'','yes','yes','ok'),
(000169,000029,'Labandero, Gabino ','158','9000','billing','cash','','2016-09-11 12:40:11',309001,'','yes','yes','ok'),
(000170,000022,'Facturanan, Ruel ','137','7300.00','billing','cash','','2016-09-11 18:47:48',300001,'','yes','yes','ok'),
(000171,000033,'Tano, Arlene ','106','13600','billing','cash','','2016-09-12 20:02:06',000022,'2 mths dep room 201 ','yes','yes','ok'),
(000172,000036,'Sotic, Mary Cris ','170','8420','billing','cash','','2016-09-12 22:18:45',303001,'','yes','yes','ok'),
(000173,000031,'Merry Mart,  ','136','5281.25','billing','cheque','1641152','2016-09-13 11:36:55',000000,'','yes','yes','ok'),
(000174,000048,'Lim, Kimberley Florem ','160','1005','billing','cash','','2016-09-13 14:16:07',307002,'','yes','yes','ok'),
(000175,000025,'Aragon, Joseph ','163','7560','billing','cash','','2016-09-14 08:08:08',304001,'','yes','yes','ok'),
(000176,000018,'Mayol, Nazhelle ','143','10003.00','billing','cash','','2016-09-14 19:38:59',206001,'','yes','yes','ok'),
(000177,000009,'Escudero, Brando ','153','10391.25','billing','cheque','1200001094','2016-09-14 21:59:42',106001,'','yes','yes','ok'),
(000178,000012,'Liza, Rogin ','161','7050','billing','cash','','2016-09-14 23:17:50',109001,'','yes','yes','ok'),
(000179,000021,'Salas, Raymond ','173','7500','billing','cash','','2016-09-15 08:32:27',209001,'','yes','yes','ok'),
(000180,000024,'Ygot, Rudolph ','171','6600','billing','cash','','2016-09-15 15:11:18',302001,'','yes','yes','ok'),
(000181,000042,'Romero, Lemuel ','140','24000.00','billing','cash','','2016-09-15 16:59:32',000000,'','yes','yes','ok'),
(000182,000038,'Chavez, Diana  ','147','9500','billing','cash','','2016-09-15 17:01:59',203001,'','yes','yes','ok'),
(000183,000032,'Matulac, Manilyn  ','115','44458.75','billing','cash','','2016-09-15 17:21:42',000022,'','yes','yes','ok'),
(000184,000011,'Enriquez, Lester ','15','9400','billing','cash','','2016-09-15 18:15:06',108001,'','yes','yes','ok'),
(000185,000023,'Manloloyo, Rose ','172','8120','billing','cash','','2016-09-15 18:49:19',301001,'','yes','yes','ok'),
(000186,000020,'Asistio, Dante ','174','9806.47','billing','cash','','2016-09-15 19:20:27',208001,'p9810','yes','yes','not_ok'),
(000187,000010,'Metro, Wilfredo ','176','10200','billing','cash','','2016-09-15 19:39:40',107001,'','yes','yes','ok'),
(000188,000033,'Tano, Arlene ','107','5421.50','billing','cheque','333966','2016-09-15 20:22:06',000022,'exa sales','yes','yes','ok'),
(000189,000007,'Visitacion, Gino ','155','8860','billing','cash','','2016-09-15 20:27:39',104001,'','yes','yes','ok'),
(000190,000005,'Ho, Michael ','157','8300','billing','cash','','2016-09-15 22:58:51',102001,'','yes','yes','ok'),
(000191,000040,'Bautista, Christopher Aries ','141','1000','billing','cash','','2016-09-16 07:34:29',000000,'','yes','yes','ok'),
(000192,000033,'Tano, Arlene ','109','4870','billing','cash','','2016-09-16 22:14:33',000022,'dorm rm#6','yes','yes','ok'),
(000193,000033,'Tano, Arlene ','116','1950','billing','cash','','2016-09-16 22:18:18',000022,'dorm rm#7','yes','yes','ok'),
(000194,000033,'Tano, Arlene ','106','6500','billing','cash','','2016-09-16 22:19:31',000022,'dorm rm#3','yes','yes','ok'),
(000195,000026,'Maido, Maribel ','162','5600','billing','cash','','2016-09-17 08:25:24',305001,'','yes','yes','ok'),
(000196,000017,'Fernandez, Maria ','145','8000','billing','cash','','2016-09-17 11:47:33',205001,'bal 179.98 not paid','yes','yes','ok'),
(000197,000028,'Macam, Hans ','159','7350','billing','cash','','2016-09-20 08:23:22',308001,'','yes','yes','ok'),
(000198,000008,'Lim, Hannah ','154','8580','billing','cash','','2016-09-22 09:43:24',105001,'received P8590.00','yes','yes','ok'),
(000199,000033,'Tano, Arlene ','113','8100','billing','cash','','2016-09-22 19:30:07',000022,'','yes','yes','ok'),
(000200,000033,'Tano, Arlene ','114','6500','billing','cash','','2016-09-24 19:32:30',000022,'','yes','yes','ok'),
(000201,000033,'Tano, Arlene ','118','7908','billing','cash','','2016-09-27 08:12:51',000022,'','yes','yes','ok'),
(000203,000019,'Colinares, Frances ','265','7100','billing','cash','','2016-10-06 07:48:41',207001,'','yes','yes','ok'),
(000204,000038,'Chavez, Diana  ','261','9500','billing','cash','','2016-10-07 20:09:08',203001,'','yes','yes','ok'),
(000205,000041,'Lao, Katrina Joy ','270','1140','billing','cash','','2016-10-08 19:30:39',000000,'','yes','yes','ok'),
(000206,000041,'Lao, Katrina Joy ','270','18000','billing','cheque','503486771','2016-10-08 19:31:36',000000,'','yes','yes','ok'),
(000207,000033,'Tano, Arlene ','119','6525.40','billing','cheque','334000','2016-10-08 19:50:01',000022,'EXA sales ','yes','yes','ok'),
(000208,000048,'Lim, Kimberley Florem ','225','7235','billing','cash','','2016-10-09 21:34:02',307002,'','yes','yes','ok'),
(000209,000022,'Facturanan, Ruel ','201','7500','billing','cash','','2016-10-10 19:54:27',300001,'','yes','yes','ok'),
(000210,000046,'Estelloso, Virginia ','233','19800','billing','cash','','2016-10-11 22:25:31',109002,'no receipt','yes','yes','ok'),
(000213,000008,'Lim, Hannah ','238','10540','billing','cash','','2016-10-12 08:15:25',105001,'no receipt','yes','yes','ok'),
(000214,000012,'Liza, Rogin ','237','7000','billing','cash','','2016-10-12 10:04:40',109001,'','yes','yes','ok'),
(000216,000031,'Merry Mart,  ','269','4880','billing','cheque','1641170','2016-10-12 10:34:13',000000,'','yes','yes','ok'),
(000218,000010,'Metro, Wilfredo ','256','9200','billing','cash','','2016-10-12 18:19:40',107001,'','yes','yes','ok'),
(000219,000033,'Tano, Arlene ','141','8929','billing','cash','','2016-10-12 18:55:05',000022,'Rm200 Kyle checked out bal','yes','yes','ok'),
(000241,000042,'Romero, Lemuel ','272','23700.00','billing','cash','','2016-10-14 12:14:24',000000,'','yes','yes','ok'),
(000242,000005,'Ho, Michael ','240','8300','billing','cash','','2016-10-14 16:47:58',102001,'','yes','yes','ok'),
(000244,000036,'Sotic, Mary Cris ','212','8300','billing','cash','','2016-10-14 17:47:24',303001,'','yes','yes','ok'),
(000245,000033,'Tano, Arlene ','140','26000','billing','cash','','2016-10-14 18:27:43',000022,'George owen','yes','yes','ok'),
(000246,000020,'Asistio, Dante ','266','9500.00','billing','cash','','2016-10-14 18:57:48',208001,'No receipt','yes','yes','ok'),
(000247,000025,'Aragon, Joseph ','217','7500.00','billing','cash','','2016-10-14 19:44:24',304001,'','yes','yes','ok'),
(000248,000015,'Sinajon, Joanna Marie ','260','9000','billing','cash','','2016-10-15 01:46:27',202002,'','yes','yes','ok'),
(000249,000029,'Labandero, Gabino ','220','8700','billing','cash','','2016-10-15 13:49:21',309001,'','yes','yes','ok'),
(000250,000018,'Mayol, Nazhelle ','264','9600','billing','cash','','2016-10-15 17:37:44',206001,'','yes','yes','ok'),
(000251,000033,'Tano, Arlene ','140','1950','billing','cash','','2016-10-15 19:35:04',000022,'Mary grace','yes','yes','ok'),
(000252,000033,'Tano, Arlene ','138','4714','billing','cash','','2016-10-15 19:40:08',000022,'Rm6 Cristina ramos','yes','yes','ok'),
(000253,000033,'Tano, Arlene ','139','6108','billing','cash','','2016-10-15 19:43:57',000022,'Rm3 rodith','yes','yes','ok'),
(000254,000024,'Ygot, Rudolph ','268','6770','billing','cash','','2016-10-16 07:47:40',302001,'','yes','yes','ok'),
(000255,000023,'Manloloyo, Rose ','207','8050','billing','cash','','2016-10-16 09:33:51',301001,'','yes','yes','ok'),
(000256,000040,'Bautista, Christopher Aries ','271','1520','billing','cash','','2016-10-17 07:01:27',000000,'','yes','yes','ok'),
(000257,000007,'Visitacion, Gino ','248','8370','billing','cash','','2016-10-17 09:49:17',104001,'','yes','yes','ok'),
(000258,000011,'Enriquez, Lester ','232','9385','billing','cash','','2016-10-17 14:27:22',108001,'','yes','yes','ok'),
(000259,000009,'Escudero, Brando ','231','10586.25','billing','cheque','1200001009','2016-10-17 18:37:34',106001,'','yes','yes','ok'),
(000260,000033,'Tano, Arlene ','219','5640','billing','cash','','2016-10-18 09:18:10',000022,'rm  305 maribel','yes','yes','ok'),
(000261,000049,'Vicente, Leah Maurice ','259','5000','billing','cash','','2016-10-19 15:05:25',201002,'','yes','yes','ok'),
(000262,000017,'Fernandez, Maria ','263','8000','billing','cash','','2016-10-19 20:36:57',205001,'','yes','yes','ok'),
(000263,000028,'Macam, Hans ','221','7500','billing','cash','','2016-10-20 19:35:44',308001,'','yes','yes','ok'),
(000264,000033,'Tano, Arlene ','134','6470','billing','cash','','2016-10-24 20:10:38',000022,'','yes','yes','ok'),
(000267,000033,'Tano, Arlene ','1-139','13600','billing','cash','','2016-11-04 09:59:12',000022,'room 200 rodel bancale 2 months dep','yes','yes','ok'),
(000269,000036,'Sotic, Mary Cris ','213','7250','billing','cash','','2016-11-13 20:17:25',303001,'','yes','yes','ok'),
(000270,000033,'Tano, Arlene ','1-140','11100','billing','cash','','2016-11-14 09:32:18',000022,'labucay Rm#5 2 mths dep & 1 mth adv','yes','yes','ok'),
(000271,000020,'Asistio, Dante ','0344','10360','billing','cash','','2016-11-14 18:16:16',208001,'no receipt','yes','yes','ok'),
(000272,000033,'Tano, Arlene ','1-141','5000','billing','cash','','2016-11-14 19:09:19',000022,'biseda Security Agency','yes','yes','ok'),
(000273,000015,'Sinajon, Joanna Marie ','0282','8750','billing','cash','','2016-11-14 20:01:29',202002,'','yes','yes','ok'),
(000274,000018,'Mayol, Nazhelle ','0334','9805.30','billing','cash','','2016-11-14 21:29:27',206001,'','yes','yes','ok'),
(000275,000009,'Escudero, Brando ','229','10058.75','billing','cheque','96197','2016-11-14 22:01:56',106001,'','yes','yes','ok'),
(000276,000029,'Labandero, Gabino ','222','8800','billing','cash','','2016-11-14 22:50:58',309001,'','yes','yes','ok'),
(000277,000028,'Macam, Hans ','0226','7500','billing','cash','','2016-11-14 22:53:35',308001,'','yes','yes','ok'),
(000278,000012,'Liza, Rogin ','224','7500','billing','cash','','2016-11-15 09:44:19',109001,'','yes','yes','ok'),
(000279,000011,'Enriquez, Lester ','0234','9260','billing','cash','','2016-11-15 16:40:34',108001,'','yes','yes','ok'),
(000280,000005,'Ho, Michael ','287','8200','billing','cash','','2016-11-15 18:04:33',102001,'','yes','yes','ok'),
(000281,000042,'Romero, Lemuel ','0324','23300','billing','cash','','2016-11-15 18:18:33',000000,'','yes','yes','ok'),
(000282,000024,'Ygot, Rudolph ','0367','6500','billing','cash','','2016-11-15 18:25:18',302001,'','yes','yes','ok'),
(000283,000033,'Tano, Arlene ','1-142','4498','billing','cash','','2016-11-15 18:29:42',000022,'labucay Rm4 Cristina Ramos','yes','yes','ok'),
(000284,000017,'Fernandez, Maria ','329','8000','billing','cash','','2016-11-15 18:45:16',205001,'','yes','yes','ok'),
(000285,000023,'Manloloyo, Rose ','206','8640','billing','cash','','2016-11-15 18:49:31',301001,'','yes','yes','ok'),
(000286,000038,'Chavez, Diana  ','0319','8900','billing','cash','','2016-11-15 19:03:27',203001,'','yes','yes','ok'),
(000287,000025,'Aragon, Joseph ','216','7305.00','billing','cash','','2016-11-15 20:49:54',304001,'','yes','yes','ok'),
(000288,000040,'Bautista, Christopher Aries ','0506','1020','billing','cash','','2016-11-16 09:34:44',000000,'','yes','yes','ok'),
(000290,000033,'Tano, Arlene ','1-146','6367.45','billing','cheque','334042','2016-11-17 19:48:17',000022,'exa sales','yes','yes','ok'),
(000291,000007,'Visitacion, Gino ','0293','8050','billing','cash','','2016-11-18 10:16:54',104001,'','yes','yes','ok'),
(000292,000033,'Tano, Arlene ','1-147','6304','billing','cash','','2016-11-19 10:33:46',000022,'labucay Rm3 Rodith','yes','yes','ok'),
(000293,000008,'Lim, Hannah ','0230','9790','billing','cash','','2016-11-21 08:04:30',105001,'no receipt','yes','yes','ok'),
(000294,000046,'Estelloso, Virginia ','0235','10050','billing','cash','','2016-11-27 09:07:55',109002,'no receipt','yes','yes','ok'),
(000295,000033,'Tano, Arlene ','1-148','14400','billing','cash','','2016-12-01 08:22:58',000022,'rm 304 nguyen chi thanh 1 mth adv & 1 mth dep','yes','yes','ok'),
(000296,000033,'Tano, Arlene ','1-150','24500','billing','cash','','2016-12-01 18:05:21',000022,'george','yes','yes','ok'),
(000297,000033,'Tano, Arlene ','1-149','11100','billing','cash','','2016-12-01 18:07:00',000022,'labucay dorm rm5 ','yes','yes','ok'),
(000298,000052,'Chi-Thanh, Nguyen ','0223','240','billing','cash','','2016-12-04 17:12:11',304002,'','yes','yes','ok'),
(000299,000038,'Chavez, Diana  ','0262','8700','billing','cash','','2016-12-05 21:29:00',203001,'','yes','yes','ok'),
(000300,000049,'Vicente, Leah Maurice ','0276','8300','billing','cash','','2016-12-06 11:50:39',201002,'','yes','yes','ok'),
(000301,000019,'Colinares, Francisco IV  ','0491','7300','billing','cash','','2016-12-07 08:25:07',207001,'','yes','yes','ok'),
(000302,000051,'Bancale, Rodel ','0354','8000','billing','cash','','2016-12-10 08:25:11',200003,'','yes','yes','ok'),
(000303,000033,'Tano, Arlene ','1-158','6000','billing','cash','','2017-01-10 11:04:55',000022,'','yes','yes','ok'),
(000304,000051,'Bancale, Rodel ','0519','7600','billing','cash','','2017-01-11 08:21:41',200003,'','yes','yes','ok'),
(000305,000033,'Tano, Arlene ','1-159','4568.10','billing','cash','','2017-01-11 10:40:59',000022,'Room 4 Ramos ','yes','yes','ok'),
(000306,000008,'Lim, Hannah ','254','8960','billing','cash','','2017-01-12 07:23:37',105001,'','yes','yes','not_ok'),
(000307,000032,'Matulac, Manilyn  ','1-165','5000.00','billing','cash','','2017-01-12 13:36:58',000022,'mike landy d1','yes','yes','ok'),
(000308,000032,'Matulac, Manilyn  ','515','22600.00','billing','cash','','2017-01-13 08:37:15',000022,'F1 lemuel romeo','yes','yes','ok'),
(000309,000022,'Facturanan, Ruel ','0203','7500.00','billing','cash','','2017-01-13 16:56:20',300001,'','yes','yes','ok'),
(000310,000053,'Santos, Carlisle  ','0459','8650','billing','cash','','2017-01-13 19:54:51',107002,'','yes','yes','ok'),
(000311,000005,'Ho, Michael ','441','8000','billing','cash','','2017-01-14 12:18:56',102001,'','yes','yes','ok'),
(000312,000015,'Sinajon, Joanna Marie ','0471','9000','billing','cash','','2017-01-14 13:08:43',202002,'','yes','yes','ok'),
(000313,000055,'De La Cruz, Tristan John ','0427','5049.52','billing','cheque','426465','2017-01-14 13:29:16',307003,'','yes','yes','ok'),
(000314,000038,'Chavez, Diana  ','0473','8900','billing','cash','','2017-01-14 14:03:42',203001,'tr#314','yes','yes','ok'),
(000315,000033,'Tano, Arlene ','1-160','1950','billing','cash','','2017-01-14 19:29:41',000022,'Mary grace','yes','yes','ok'),
(000316,000032,'Matulac, Manilyn  ','516','2500.00','billing','cash','','2017-01-14 21:47:21',000022,'unit I2','yes','yes','ok'),
(000317,000018,'Mayol, Nazhelle ','0483','9340','billing','cash','','2017-01-14 22:27:21',206001,'','yes','yes','ok'),
(000318,000036,'Sotic, Mary Cris ','214','7500','billing','cash','','2017-01-15 20:13:38',303001,'','yes','yes','ok'),
(000319,000023,'Manloloyo, Rose ','0209','7720','billing','cash','','2017-01-16 19:57:14',301001,'','yes','yes','ok'),
(000320,000009,'Escudero, Brando ','452','8888.75','billing','cheque','162270','2017-01-16 20:08:37',106001,'','yes','yes','ok'),
(000321,000012,'Liza, Rogin ','0422','7220','billing','cash','','2017-01-16 23:15:25',109001,'','yes','yes','ok'),
(000322,000031,'Merry Mart,  ','0512','4203','billing','cheque','1641193','2017-01-17 08:13:36',000000,'','yes','yes','ok'),
(000323,000033,'Tano, Arlene ','1-164','6500','billing','cash','','2017-01-17 08:15:17',000022,'Rodith','yes','yes','ok'),
(000324,000033,'Tano, Arlene ','1-163','1050','billing','cash','','2017-01-17 08:16:36',000022,'Lymel friend 3nights x p300 + p150 water','yes','yes','ok'),
(000325,000017,'Fernandez, Maria ','0481','7500','billing','cash','','2017-01-17 11:46:14',205001,'','yes','yes','ok'),
(000326,000033,'Tano, Arlene ','1-162','5286.90','billing','cheque','334101','2017-01-17 19:56:20',000022,'EXA','yes','yes','ok'),
(000327,000032,'Matulac, Manilyn  ','1-167','18715.00','billing','cheque','6022747165','2017-01-17 20:04:50',000022,'TCC','yes','yes','ok'),
(000328,000032,'Matulac, Manilyn  ','1-166','29861.9','billing','cash','','2017-01-17 20:08:36',000022,'AHGS ','yes','yes','ok'),
(000329,000046,'Estelloso, Virginia ','0438','5500','billing','cash','','2017-01-17 21:50:55',109002,'','yes','yes','ok'),
(000330,000007,'Visitacion, Gino ','0249','8820','billing','cash','','2017-01-18 10:27:53',104001,'','yes','yes','ok'),
(000331,000011,'Enriquez, Lester ','0462','9340','billing','cash','','2017-01-18 16:03:11',108001,'','yes','yes','ok'),
(000332,000024,'Ygot, Rudolph ','0405','6500','billing','cash','','2017-01-18 18:22:45',302001,'','yes','yes','ok'),
(000333,000049,'Vicente, Leah Maurice ','0464','7820','billing','cash','','2017-01-18 22:06:25',201002,'','yes','yes','ok'),
(000334,000028,'Macam, Hans ','0431','7600','billing','cash','','2017-01-20 08:46:03',308001,'','yes','yes','ok'),
(000335,000040,'Bautista, Christopher Aries ','0514','1500','billing','cash','','2017-01-20 10:24:35',000000,'','yes','yes','ok'),
(000336,000033,'Tano, Arlene ','1-161','5000','billing','cash','','2017-01-21 13:09:59',000022,'Biseda SG','yes','yes','ok'),
(000337,000033,'Tano, Arlene ','1-168','7130','billing','cash','','2017-01-21 18:48:39',000022,'','yes','yes','ok'),
(000338,000026,'Maido, Maribel ','0420','5900','billing','cash','','2017-01-22 11:42:10',305001,'','yes','yes','ok'),
(000339,000056,', Manaratha Eatery ','1-171','4500','billing','cash','','2017-01-23 08:53:27',000000,'','yes','yes','ok'),
(000340,000056,', Manaratha Eatery ','0520','20000','billing','cheque','274200','2017-01-23 08:55:41',000000,'for 2/15-3/14','yes','yes','ok'),
(000341,000032,'Matulac, Manilyn  ','1-177','1037.00','billing','cash','','2017-01-26 15:51:32',000022,'ahgs laundry','yes','yes','ok'),
(000342,000046,'Estelloso, Virginia ','0439','14000','billing','cash','','2017-02-01 21:58:54',109002,'','yes','yes','ok'),
(000343,000032,'Matulac, Manilyn  ','1-176','30000.00','billing','cash','','2017-02-03 17:32:03',000022,'ahgs unit A1, 1mth adv & 1 mth dep','yes','yes','ok'),
(000344,000033,'Tano, Arlene ','1-169','24713','billing','cash','','2017-02-03 18:53:49',000022,'george owen','yes','yes','ok'),
(000345,000033,'Tano, Arlene ','1-170','20400','billing','cash','','2017-02-04 12:51:41',000022,'304, 2 mths dep, 1 mth adv','yes','yes','ok'),
(000346,000036,'Sotic, Mary Cris ','375','7150','billing','cash','','2017-02-06 18:23:22',303001,'','yes','yes','ok'),
(000347,000054,'Rotea, Maria Sonieta  ','0348','7000.00','billing','cash','','2017-02-06 19:02:17',208002,'','yes','yes','ok'),
(000348,000019,'Colinares, Francisco IV  ','0343','7000','billing','cash','','2017-02-07 07:54:08',207001,'','yes','yes','ok'),
(000349,000053,'Santos, Carlisle  ','0307','9190','billing','cash','','2017-02-07 13:20:25',107002,'','yes','yes','ok'),
(000350,000033,'Tano, Arlene ','1-172','5820','billing','cash','','2017-02-09 13:33:54',000022,'Room 5','yes','yes','ok'),
(000353,000005,'Ho, Michael ','283','8000','billing','cash','','2017-02-10 19:07:57',102001,'','yes','yes','ok'),
(000354,000022,'Facturanan, Ruel ','0362','7270','billing','cash','','2017-02-11 16:46:28',300001,'','yes','yes','ok'),
(000355,000018,'Mayol, Nazhelle ','0338','9460','billing','cash','','2017-02-12 20:40:16',206001,'','yes','yes','ok'),
(000356,000051,'Bancale, Rodel ','0358','8000','billing','cash','','2017-02-13 19:54:00',200003,'','yes','yes','ok'),
(000357,000059,'Singson, Monique T.','0530','35000','billing','cash','','2017-02-14 18:07:00',000000,'','yes','yes','ok'),
(000358,000012,'Liza, Rogin ','387','7200','billing','cash','','2017-02-15 00:48:46',109001,'','yes','yes','ok'),
(000359,000042,'Romero, Lemuel ','0531','23000.00','billing','cash','','2017-02-15 08:42:25',000000,'','yes','yes','ok'),
(000360,000055,'De La Cruz, Tristan John ','0391','7193.75','billing','cheque','426466','2017-02-15 08:53:45',307003,'','yes','yes','ok'),
(000361,000057,'Sierra, Carlo Ricardo M.','0401','6100','billing','cash','','2017-02-15 13:08:26',309002,'','yes','yes','ok'),
(000362,000009,'Escudero, Brando ','303','9253.75','billing','cheque','162411','2017-02-15 18:57:33',106001,'','yes','yes','ok'),
(000363,000033,'Tano, Arlene ','1-173','4376.75','billing','cash','','2017-02-15 19:04:27',000022,'Room 6','yes','yes','ok'),
(000364,000033,'Tano, Arlene ','1-174','4380.05','billing','cheque','334137','2017-02-15 19:06:41',000022,'EXA','yes','yes','ok'),
(000365,000021,'Salas, Raymond ','0353','9000','billing','cash','','2017-02-15 21:29:58',209001,'','yes','yes','ok'),
(000366,000023,'Manloloyo, Rose ','366','7800','billing','cash','','2017-02-15 22:06:29',301001,'TR#366','yes','yes','ok'),
(000367,000015,'Sinajon, Joanna Marie ','0278','9140','billing','cash','','2017-02-15 22:17:14',202002,'','yes','yes','ok'),
(000368,000031,'Merry Mart,  ','0527','3470','billing','cheque','1641206','2017-02-16 09:47:25',000000,'','yes','yes','ok'),
(000369,000056,', Manaratha Eatery ','0528','5050','billing','cheque','27660','2017-02-16 10:12:30',000000,'TR#369','yes','yes','ok'),
(000370,000038,'Chavez, Diana  ','0323','8600','billing','cash','','2017-02-16 15:26:19',203001,'','yes','yes','ok'),
(000371,000024,'Ygot, Rudolph ','0371','7000','billing','cash','','2017-02-16 18:00:30',302001,'','yes','yes','ok'),
(000372,000026,'Maido, Maribel ','0383','6100','billing','cash','','2017-02-16 19:56:40',305001,'','yes','yes','not_ok'),
(000373,000033,'Tano, Arlene ','1-178','5700','billing','cash','','2017-02-16 20:52:05',000022,'Labucay Rodith ','yes','yes','ok'),
(000374,000033,'Tano, Arlene ','1-179','1950','billing','cash','','2017-02-16 20:53:34',000022,'Labucay Mary grace','yes','yes','ok'),
(000375,000011,'Enriquez, Lester ','0311','9200','billing','cash','','2017-02-17 22:43:21',108001,'','yes','yes','ok'),
(000376,000017,'Fernandez, Maria ','0333','7500','billing','cash','','2017-02-18 21:25:29',205001,'','yes','yes','ok'),
(000377,000028,'Macam, Hans ','0395','7690.00','billing','cash','','2017-02-20 21:38:57',308001,'','yes','yes','ok'),
(000378,000008,'Lim, Hannah ','296','8500','billing','cash','','2017-02-22 19:06:25',105001,'','yes','yes','ok'),
(000379,000007,'Visitacion, Gino ','0295','8800','billing','cash','','2017-02-24 22:46:17',104001,'','yes','yes','ok'),
(000380,000033,'Tano, Arlene ','0521','21000','billing','cash','','2017-02-25 09:56:08',000022,'Rm 201 gennady 2mth dep, 1mth adv','yes','yes','ok'),
(000381,000033,'Tano, Arlene ','1-180','6036','billing','cash','','2017-02-25 20:48:25',000022,'Lymel labucay','yes','yes','ok'),
(000382,000060,'Leopoldo Jr. , Molino ','0378','7945','billing','cash','','2017-03-06 08:28:29',304003,'','yes','yes','ok'),
(000383,000056,', Manaratha Eatery ','0532','24300','billing','cash','','2017-03-09 09:57:46',000000,'','yes','yes','ok'),
(000384,000058,', AHGS ','0522','64182.76','billing','cheque','6542134436','2017-03-09 10:51:29',000022,'','yes','yes','ok'),
(000385,000012,'Liza, Rogin ','0386','7300','billing','cash','','2017-03-10 09:39:47',109001,'','yes','yes','ok'),
(000386,000021,'Salas, Raymond ','352','8000','billing','cash','','2017-03-11 06:57:00',209001,'','yes','yes','ok'),
(000387,000005,'Ho, Michael ','284','8270','billing','cash','','2017-03-11 11:09:10',102001,'','yes','yes','ok'),
(000388,000036,'Sotic, Mary Cris ','374','7200','billing','cash','','2017-03-11 13:00:56',303001,'','yes','yes','ok'),
(000389,000051,'Bancale, Rodel ','0357','7600','billing','cash','','2017-03-11 15:22:34',200003,'','yes','yes','ok'),
(000390,000022,'Facturanan, Ruel ','0361','7500','billing','cash','','2017-03-12 10:37:03',300001,'','yes','yes','ok'),
(000391,000019,'Colinares, Francisco IV  ','0342','7000','billing','cash','','2017-03-14 06:32:42',207001,'','yes','yes','ok'),
(000392,000031,'Merry Mart,  ','0533','3813.75','billing','cheque','1641214','2017-03-14 09:57:42',000000,'','yes','yes','ok'),
(000393,000054,'Rotea, Maria Sonieta  ','347','7660','billing','cash','','2017-03-14 12:14:55',208002,'','yes','yes','ok'),
(000394,000018,'Mayol, Nazhelle ','0337','9480','billing','cash','','2017-03-14 20:43:41',206001,'','yes','yes','ok'),
(000395,000042,'Romero, Lemuel ','0524','22620.00','billing','cash','','2017-03-15 08:39:25',000000,'','yes','yes','ok'),
(000396,000059,'Singson, Monique T.','0535','32000','billing','cash','','2017-03-15 12:41:07',000000,'','yes','yes','ok'),
(000397,000015,'Sinajon, Joanna Marie ','0279','9000','billing','cash','','2017-03-15 19:30:02',202002,'','yes','yes','ok'),
(000398,000055,'De La Cruz, Tristan John ','0390','7138.75','billing','cheque','426469','2017-03-15 22:45:46',307003,'','yes','yes','ok'),
(000399,000023,'Manloloyo, Rose ','365','8000','billing','cash','','2017-03-15 23:10:26',301001,'','yes','yes','ok'),
(000400,000011,'Enriquez, Lester ','0310','7820','billing','cash','','2017-03-15 23:35:59',108001,'','yes','yes','ok'),
(000401,000057,'Sierra, Carlo Ricardo M.','399','8050','billing','cash','','2017-03-15 23:56:08',309002,'','yes','yes','ok'),
(000402,000040,'Bautista, Christopher Aries ','0526','1000','billing','cash','','2017-03-16 10:02:47',000000,'','yes','yes','ok'),
(000403,000046,'Estelloso, Virginia ','0314','11100','billing','cash','','2017-03-16 18:25:14',109002,'','yes','yes','ok'),
(000404,000038,'Chavez, Diana  ','0322','8450','billing','cash','','2017-03-16 18:43:41',203001,'','yes','yes','ok'),
(000405,000033,'Tano, Arlene ','1-183','6500','billing','cash','','2017-03-16 19:57:45',000022,'Room 3 Rodith ','yes','yes','ok'),
(000406,000033,'Tano, Arlene ','1-184','1950','billing','cash','','2017-03-16 19:59:03',000022,'Mary grace','yes','yes','ok'),
(000407,000033,'Tano, Arlene ','1-185','4397','billing','cash','','2017-03-16 20:01:41',000022,'Room 6 Cristina Ramos ','yes','yes','ok'),
(000408,000017,'Fernandez, Maria ','0332','8000','billing','cash','','2017-03-16 21:11:52',205001,'','yes','yes','ok'),
(000409,000009,'Escudero, Brando ','302','9732.25','billing','cheque','162527','2017-03-17 06:17:28',106001,'','yes','yes','ok'),
(000410,000026,'Maido, Maribel ','0382','6140','billing','cash','','2017-03-19 11:39:01',305001,'','yes','yes','ok'),
(000411,000028,'Macam, Hans ','0394','7600','billing','cash','','2017-03-20 08:16:44',308001,'','yes','yes','ok'),
(000412,000008,'Lim, Hannah ','299','8900','billing','cash','','2017-03-21 08:03:43',105001,'','yes','yes','ok'),
(000413,000033,'Tano, Arlene ','1-186','5472.15','billing','cheque','1246','2017-03-22 18:42:38',000022,'EXASALES','yes','yes','ok'),
(000414,000007,'Visitacion, Gino ','0294','17000','billing','cash','','2017-03-30 12:21:27',104001,'','yes','yes','ok'),
(000415,000033,'Tano, Arlene ','1-187','4000','billing','cash','','2017-03-31 20:21:53',000022,'room 4 Lymel','yes','yes','ok'),
(000416,000021,'Salas, Raymond ','0351','8500','billing','cash','','2017-04-05 22:15:49',209001,'','yes','yes','ok'),
(000417,000033,'Tano, Arlene ','1-188','5325','billing','cash','','2017-04-07 20:15:06',000022,'labucay room 5','yes','yes','ok'),
(000418,000033,'Tano, Arlene ','1-189','4362','billing','cash','','2017-04-07 20:21:58',000022,'labucay room 6','yes','yes','ok'),
(000419,000062,'Raymundo, JB ','0305','9340.00','billing','cash','','2017-04-10 19:20:03',107003,'','yes','yes','ok'),
(000420,000036,'Sotic, Mary Cris ','373','7440','billing','cash','','2017-04-11 12:31:50',303001,'','yes','yes','ok'),
(000421,000060,'Leopoldo Jr. , Molino ','0377','7990','billing','cash','','2017-04-12 08:21:03',304003,'','yes','yes','ok'),
(000422,000018,'Mayol, Nazhelle ','0336','9550','billing','cash','','2017-04-12 08:25:22',206001,'','yes','yes','ok'),
(000423,000057,'Sierra, Carlo Ricardo M.','227','8840','billing','cash','','2017-04-12 09:55:24',309002,'','yes','yes','ok'),
(000424,000056,', Manaratha Eatery ','0537','24974','billing','cheque','278576','2017-04-12 11:01:58',000000,'','yes','yes','ok'),
(000425,000031,'Merry Mart,  ','0536','4802.50','billing','cheque','1641219','2017-04-12 13:42:32',000000,'','yes','yes','ok'),
(000429,000042,'Romero, Lemuel ','0539','23500','billing','cash','','2017-04-12 16:10:14',000000,'','yes','yes','ok'),
(000430,000022,'Facturanan, Ruel ','0360','7300','billing','cash','','2017-04-12 18:07:24',300001,'','yes','yes','ok'),
(000431,000033,'Tano, Arlene ','1-191','7000','billing','cash','','2017-04-12 19:26:26',000022,'Room 200 reservation','yes','yes','ok'),
(000432,000033,'Tano, Arlene ','1-190','1950','billing','cash','','2017-04-12 19:27:45',000022,'Labucay Mary grace','yes','yes','ok'),
(000433,000009,'Escudero, Brando ','301','10158.75','billing','cheque','162642','2017-04-12 21:32:21',106001,'','yes','yes','ok'),
(000434,000059,'Singson, Monique T.','0523','33120','billing','cash','','2017-04-13 10:19:52',000000,'','yes','yes','ok'),
(000435,000033,'Tano, Arlene ','1-192','6307','billing','cash','','2017-04-13 17:56:11',000022,'Room 3 Rodith ','yes','yes','ok'),
(000436,000038,'Chavez, Diana  ','0321','8200','billing','cash','','2017-04-13 18:07:34',203001,'','yes','yes','ok'),
(000437,000005,'Ho, Michael ','285','8250','billing','cash','','2017-04-14 15:36:07',102001,'','yes','yes','ok'),
(000438,000055,'De La Cruz, Tristan John ','0389','7187.50','billing','cheque','426473','2017-04-15 09:51:29',307003,'','yes','yes','ok'),
(000439,000032,'Matulac, Manilyn  ','1-182','21000','billing','cash','','2017-04-15 17:09:32',000022,'','yes','yes','ok'),
(000440,000061,'Fisico, Gennady D.','0317','8000','billing','cash','','2017-04-15 19:36:19',201003,'','yes','yes','ok'),
(000441,000026,'Maido, Maribel ','0381','6220','billing','cash','','2017-04-17 09:13:26',305001,'','yes','yes','ok'),
(000442,000011,'Enriquez, Lester ','0309','10000','billing','cash','','2017-04-17 19:18:40',108001,'','yes','yes','ok'),
(000443,000023,'Manloloyo, Rose ','0364','9000','billing','cash','','2017-04-17 20:55:13',301001,'','yes','yes','ok'),
(000444,000040,'Bautista, Christopher Aries ','0538','1000','billing','cash','','2017-04-18 11:43:02',000000,'','yes','yes','ok'),
(000445,000033,'Tano, Arlene ','1-198','5195.71','billing','cheque','1270','2017-04-19 19:48:35',000022,'EXA Sales - Mar Utilities ','yes','yes','ok'),
(000446,000028,'Macam, Hans ','0393','7570','billing','cash','','2017-04-20 19:58:11',308001,'','yes','yes','ok'),
(000447,000066,'Saribay, Emmanuel ','0369','6340','billing','cash','','2017-04-22 14:39:12',302002,'','yes','yes','ok'),
(000448,000017,'Fernandez, Maria ','480','7320','billing','cash','','2017-04-22 18:20:36',205001,'','yes','yes','ok'),
(000449,000058,', AHGS ','0541','31079.26','billing','cash','','2017-04-24 17:11:03',000022,'31,079.35','yes','yes','ok'),
(000450,000067,'Carrasca, Jahane ','1-200','5000','billing','cash','','2017-04-26 09:22:22',000022,'Biseda Security Agency','yes','yes','ok'),
(000451,000067,'Carrasca, Jahane ','1-203','16000','billing','cash','','2017-04-29 13:56:13',000022,'','yes','yes','ok'),
(000452,000046,'Estelloso, Virginia ','0315','10000','billing','cash','','2017-05-03 13:06:54',109002,'','yes','yes','ok'),
(000456,000019,'Colinares, Francisco IV  ','0340','7200','billing','cash','','2017-05-06 08:08:32',207001,'','yes','yes','ok'),
(000457,000046,'Estelloso, Virginia ','0313','10020','billing','cash','','2017-05-06 20:56:41',109002,'','yes','yes','ok'),
(000458,000062,'Raymundo, JB ','0304','9800.00','billing','cash','','2017-05-09 21:07:40',107003,'','yes','yes','ok'),
(000459,000008,'Lim, Hannah ','0297','9500','billing','cash','','2017-05-10 19:50:05',105001,'','yes','yes','ok'),
(000460,000060,'Leopoldo Jr. , Molino ','0376','8260','billing','cash','','2017-05-11 09:13:49',304003,'','yes','yes','ok'),
(000461,000033,'Tano, Arlene ','1-197','1950','billing','cash','','2017-05-11 20:06:31',000022,'','yes','yes','ok'),
(000462,000022,'Facturanan, Ruel ','0359','7600','billing','cash','','2017-05-11 21:58:42',300001,'','yes','yes','ok'),
(000463,000064,'Ingan, Arianna Jamila ','0355','5620.00','billing','cash','','2017-05-11 23:16:47',200004,'','yes','yes','ok'),
(000464,000056,', Manaratha Eatery ','0543','24507.25','billing','cheque','278628','2017-05-12 14:31:52',000000,'','yes','yes','ok'),
(000465,000031,'Merry Mart,  ','0544','4830','billing','cash','','2017-05-12 21:47:19',000000,'','yes','yes','ok'),
(000466,000033,'Tano, Arlene ','1-196','4655','billing','cash','','2017-05-14 07:01:35',000022,'','yes','yes','ok'),
(000467,000012,'Liza, Rogin ','0384','7300','billing','cash','','2017-05-14 09:25:37',109001,'','yes','yes','ok'),
(000468,000059,'Singson, Monique T.','0547','36000','billing','cash','','2017-05-14 10:49:27',000000,'','yes','yes','ok'),
(000469,000057,'Sierra, Carlo Ricardo M.','0397','8141','billing','cash','','2017-05-14 15:47:46',309002,'','yes','yes','ok'),
(000470,000036,'Sotic, Mary Cris ','372','7220','billing','cash','','2017-05-14 18:53:07',303001,'','yes','yes','ok'),
(000471,000065,'Padigos, John Reeve ','0281','5000','billing','cash','','2017-05-15 11:52:14',202003,'','yes','yes','ok'),
(000472,000023,'Manloloyo, Rose ','0363','8090','billing','cash','','2017-05-15 12:15:17',301001,'','yes','yes','ok'),
(000473,000011,'Enriquez, Lester ','0308','8250','billing','cash','','2017-05-15 19:27:16',108001,'','yes','yes','ok'),
(000474,000042,'Romero, Lemuel ','0546','24100','billing','cash','','2017-05-15 20:15:35',000000,'','yes','yes','ok'),
(000475,000009,'Escudero, Brando ','0300','10790','billing','cheque','184362','2017-05-15 20:57:23',106001,'','yes','yes','ok'),
(000476,000055,'De La Cruz, Tristan John ','0388','7118.75','billing','cheque','426474','2017-05-15 22:25:27',307003,'','yes','yes','ok'),
(000477,000018,'Mayol, Nazhelle ','0335','9640.00','billing','cash','','2017-05-15 22:39:27',206001,'','yes','yes','ok'),
(000478,000061,'Fisico, Gennady D.','0275','8000','billing','cash','','2017-05-15 23:05:59',201003,'No filled up details on envelope','yes','yes','ok'),
(000479,000026,'Maido, Maribel ','0380','6020','billing','cash','','2017-05-16 07:03:51',305001,'','yes','yes','ok'),
(000480,000005,'Ho, Michael ','286','8250','billing','cash','','2017-05-16 16:07:52',102001,'','yes','yes','ok'),
(000481,000007,'Visitacion, Gino ','0292','8000','billing','cash','','2017-05-17 16:17:05',104001,'','yes','yes','ok'),
(000482,000058,', AHGS ','542','29735.03','billing','cash','','2017-05-17 16:35:26',000022,'Actual amount received p29,735.00','yes','yes','ok'),
(000483,000033,'Tano, Arlene ','1-193','10000','billing','cash','','2017-05-17 19:27:13',000022,'Lymel partial payment','yes','yes','ok'),
(000484,000066,'Saribay, Emmanuel ','0368','7000.00','billing','cash','','2017-05-19 20:08:36',302002,'','yes','yes','ok'),
(000485,000028,'Macam, Hans ','0392','8450','billing','cash','','2017-05-22 21:03:53',308001,'','yes','yes','ok'),
(000486,000067,'Carrasca, Jahane ','0540','45498.5','billing','cheque','6022746838','2017-05-24 12:00:39',000022,'','yes','yes','ok'),
(000487,000067,'Carrasca, Jahane ','1-202','22000','billing','cash','','2017-05-30 14:56:55',000022,'','yes','yes','ok'),
(000488,000017,'Fernandez, Maria ','330','7800','billing','cash','','2017-05-31 18:38:43',205001,'','yes','yes','ok'),
(000489,000040,'Bautista, Christopher Aries ','0545','500','billing','cash','','2017-05-31 18:59:53',000000,'','yes','yes','ok'),
(000490,000033,'Tano, Arlene ','1-194','5755','billing','cash','','2017-06-02 19:47:59',000022,'Labucay rm#5 cathrena','yes','yes','ok'),
(000491,000067,'Carrasca, Jahane ','1-207','24507.25','billing','cheque','281105','2017-06-03 14:42:48',000022,'','yes','yes','ok'),
(000492,000033,'Tano, Arlene ','1-195','6500','billing','cash','','2017-06-03 20:54:10',000022,'Labucay dorm rm#3 rodith','yes','yes','ok'),
(000493,000019,'Colinares, Francisco IV  ','0489','7500','billing','cash','','2017-06-07 06:28:13',207001,'','yes','yes','ok'),
(000494,000062,'Raymundo, JB ','0458','10700.00','billing','cash','','2017-06-07 23:13:44',107003,'','yes','yes','ok'),
(000495,000067,'Carrasca, Jahane ','1203','21000','billing','cash','','2017-06-10 18:38:35',000022,'Rm#304 2mths dep, 1mth adv','yes','yes','ok'),
(000496,000018,'Mayol, Nazhelle ','0484','9720.00','billing','cash','','2017-06-10 22:03:29',206001,'','yes','yes','ok'),
(000497,000012,'Liza, Rogin ','306','7550','billing','cash','','2017-06-12 09:02:30',109001,'','yes','yes','ok'),
(000498,000033,'Tano, Arlene ','1-199','6000','billing','cash','','2017-06-12 21:36:52',000022,'Labucay dorm rm#4 lymel','yes','yes','ok'),
(000499,000008,'Lim, Hannah ','0255','18500','billing','cash','','2017-06-13 16:28:45',105001,'','yes','yes','ok'),
(000500,000061,'Fisico, Gennady D.','0466','8100.00','billing','cash','','2017-06-13 17:34:48',201003,'','yes','yes','ok'),
(000501,000022,'Facturanan, Ruel ','0205','7500','billing','cash','','2017-06-13 20:21:41',300001,'','yes','yes','ok'),
(000502,000060,'Leopoldo Jr. , Molino ','0494','11000','billing','cash','','2017-06-13 22:58:21',304003,'','yes','yes','ok'),
(000503,000064,'Ingan, Arianna Jamila ','0554','11200','billing','cash','','2017-06-14 23:17:08',200004,'','yes','yes','ok'),
(000504,000009,'Escudero, Brando ','453','10743.75','billing','cheque','184479','2017-06-14 23:48:11',106001,'','yes','yes','ok'),
(000505,000042,'Romero, Lemuel ','0549','24750','billing','cash','','2017-06-15 08:13:47',000000,'','yes','yes','ok'),
(000506,000011,'Enriquez, Lester ','0463','9300','billing','cash','','2017-06-15 09:49:54',108001,'','yes','yes','ok'),
(000507,000031,'Merry Mart,  ','0552','5171.25','billing','cheque','1641223','2017-06-15 09:55:27',000000,'','yes','yes','ok'),
(000508,000005,'Ho, Michael ','440','8340','billing','cash','','2017-06-15 16:27:28',102001,'','yes','yes','ok'),
(000509,000058,', AHGS ','437','50841.37','billing','cheque','6542159853','2017-06-15 18:30:23',000022,'','yes','yes','ok'),
(000510,000026,'Maido, Maribel ','0419','6200','billing','cash','','2017-06-16 13:19:08',305001,'','yes','yes','ok'),
(000511,000066,'Saribay, Emmanuel ','0407','6980','billing','cash','','2017-06-17 14:12:55',302002,'','yes','yes','ok'),
(000512,000017,'Fernandez, Maria ','0479','8000','billing','cash','','2017-06-17 17:21:40',205001,'','yes','yes','ok'),
(000513,000028,'Macam, Hans ','0242','9000','billing','cash','','2017-06-19 17:28:07',308001,'','yes','yes','ok'),
(000514,000033,'Tano, Arlene ','1-204','1950','billing','cash','','2017-06-19 18:35:01',000022,'Labucay dorm - Mary grace','yes','yes','ok'),
(000515,000067,'Carrasca, Jahane ','0553','25590.00','billing','cheque','281131','2017-06-20 09:09:23',000022,'Manaratha Eatry','yes','yes','ok'),
(000516,000067,'Carrasca, Jahane ','1-210','15000','billing','cash','','2017-06-20 20:12:05',000022,'1 mth dep & 1 mth adv\r\nRoom 301','yes','yes','ok'),
(000517,000033,'Tano, Arlene ','1-209','4740','billing','cash','','2017-06-21 18:52:41',000022,'Labucay dorm - room 6','yes','yes','ok'),
(000518,000033,'Tano, Arlene ','1-205','4505','billing','cash','','2017-06-24 08:33:08',000022,'','yes','yes','ok'),
(000519,000040,'Bautista, Christopher Aries ','0550','1700','billing','cash','','2017-06-25 12:54:35',000000,'','yes','yes','ok'),
(000520,000067,'Carrasca, Jahane ','1211','24819.73','billing','cheque','4695','2017-06-28 15:51:51',000022,'Maranatha eatry','yes','yes','ok'),
(000521,000007,'Visitacion, Gino ','0250','8500','billing','cash','','2017-06-30 21:13:58',104001,'','yes','yes','ok'),
(000522,000057,'Sierra, Carlo Ricardo M.','400','2400','billing','cash','','2017-07-03 06:11:41',309002,'','yes','yes','ok'),
(000523,000022,'Facturanan, Ruel ','0402','7870','billing','cash','','2017-07-06 16:11:22',300001,'','yes','yes','ok'),
(000524,000019,'Colinares, Francisco IV  ','0487','7500','billing','cash','','2017-07-07 07:38:58',207001,'','yes','yes','ok'),
(000525,000069,'Zarate, Allan D.','0379','5240','billing','cash','','2017-07-07 19:06:43',304004,'','yes','yes','ok'),
(000526,000067,'Carrasca, Jahane ','1212','21000','billing','cash','','2017-07-10 15:21:57',000022,'Room 203 1mth adv. & 2mths dep.','yes','yes','ok'),
(000527,000018,'Mayol, Nazhelle ','0486','9460.00','billing','cash','','2017-07-10 21:45:34',206001,'','yes','yes','ok'),
(000528,000057,'Sierra, Carlo Ricardo M.','244','9600','billing','cash','','2017-07-11 04:16:55',309002,'','yes','yes','ok'),
(000529,000036,'Sotic, Mary Cris ','410','16770','billing','cash','','2017-07-11 19:47:49',303001,'','yes','yes','ok'),
(000530,000060,'Leopoldo Jr. , Molino ','0345','9440','billing','cash','','2017-07-12 08:10:39',304003,'','yes','yes','ok'),
(000531,000067,'Carrasca, Jahane ','1213','20000','billing','cash','','2017-07-12 15:29:38',000022,'Room 103 lourdes','yes','yes','ok'),
(000532,000067,'Carrasca, Jahane ','1214','30000','billing','cash','','2017-07-13 18:14:16',000022,'Room 103 Lourdes ','yes','yes','ok'),
(000533,000067,'Carrasca, Jahane ','1215','20000','billing','cash','','2017-07-13 18:15:40',000022,'Room 307 1mth adv & 2mths dep.','yes','yes','ok'),
(000534,000042,'Romero, Lemuel ','0556','24500.00','billing','cash','','2017-07-13 20:29:44',000000,'','yes','yes','ok'),
(000535,000064,'Ingan, Arianna Jamila ','0518','10100.00','billing','cash','','2017-07-14 10:33:31',200004,'','yes','yes','ok'),
(000536,000068,'Apura, Caitlin Kaye A.','0277','6500','billing','cash','','2017-07-14 10:54:06',202004,'','yes','yes','ok'),
(000537,000011,'Enriquez, Lester ','0504','8800','billing','cash','','2017-07-14 14:05:46',108001,'','yes','yes','ok'),
(000538,000058,', AHGS ','560','56797.50','billing','cheque','6542159967','2017-07-14 15:52:46',000022,'','yes','yes','ok'),
(000539,000005,'Ho, Michael ','443','8200','billing','cash','','2017-07-14 16:28:08',102001,'','yes','yes','ok'),
(000540,000033,'Tano, Arlene ','1-206','6364','billing','cash','','2017-07-14 18:58:47',000022,'','yes','yes','ok'),
(000541,000033,'Tano, Arlene ','1-208','4251','billing','cash','','2017-07-14 19:00:12',000022,'','yes','yes','ok'),
(000542,000009,'Escudero, Brando ','455','10275','billing','cash','','2017-07-15 18:02:16',106001,'10,290.00','yes','yes','not_ok'),
(000543,000033,'Tano, Arlene ','1-181','1950','billing','cash','','2017-07-15 19:11:03',000022,'','yes','yes','ok'),
(000544,000012,'Liza, Rogin ','424','8000','billing','cash','','2017-07-16 01:55:22',109001,'','yes','yes','ok'),
(000545,000026,'Maido, Maribel ','0417','6000','billing','cash','','2017-07-16 12:57:39',305001,'','yes','yes','ok'),
(000546,000008,'Lim, Hannah ','252','9720','billing','cash','','2017-07-17 16:58:36',105001,'','yes','yes','ok'),
(000547,000033,'Tano, Arlene ','1-216','10000','billing','cash','','2017-07-17 19:24:14',000022,'Labucay Room 3 rodith ','yes','yes','ok'),
(000548,000017,'Fernandez, Maria ','0331','8400','billing','cash','','2017-07-18 19:50:53',205001,'','yes','yes','ok'),
(000549,000028,'Macam, Hans ','0218','8000','billing','cash','','2017-07-20 09:05:44',308001,'','yes','yes','ok'),
(000550,000056,', Manaratha Eatery ','0559','24822.25','billing','cheque','281193','2017-07-21 14:04:36',000000,'','yes','yes','ok'),
(000551,000031,'Merry Mart,  ','0555','5233.75','billing','cheque','1641227','2017-07-24 09:54:24',000000,'','yes','yes','ok'),
(000552,000033,'Tano, Arlene ','1-217','10000','billing','cash','','2017-07-24 21:59:55',000022,'Labucay room 4 lymel','yes','yes','ok'),
(000553,000067,'Carrasca, Jahane ','1221','6800','billing','cash','','2017-07-26 16:42:02',000022,'','yes','yes','ok'),
(000554,000067,'Carrasca, Jahane ','1222','15000','billing','cash','','2017-07-27 13:30:50',000022,'','yes','yes','ok'),
(000555,000063,', The Chocolate Chamber ','1-223','25000','billing','cash','','2017-07-28 19:50:29',000000,'','yes','yes','ok'),
(000556,000063,', The Chocolate Chamber ','1-224','25000','billing','cash','','2017-07-28 19:51:55',000000,'','yes','yes','ok'),
(000557,000018,'Mayol, Nazhelle ','0485','9050.00','billing','cash','','2017-08-10 20:41:58',206001,'','yes','yes','ok'),
(000558,000068,'Apura, Caitlin Kaye A.','0467','7320','billing','cash','','2017-08-11 12:55:56',202004,'','yes','yes','ok'),
(000559,000033,'Tano, Arlene ','1-218','5336','billing','cash','','2017-08-11 19:17:14',000022,'Rm5-cathrena','yes','yes','ok'),
(000560,000012,'Liza, Rogin ','425','7000','billing','cash','','2017-08-12 09:48:31',109001,'','yes','yes','ok'),
(000561,000067,'Carrasca, Jahane ','0413','7040','billing','cash','','2017-08-12 15:54:54',000022,'','yes','yes','ok'),
(000562,000033,'Tano, Arlene ','1-220','1950','billing','cash','','2017-08-12 19:03:00',000022,'Labucay Mary grace ','yes','yes','ok'),
(000563,000067,'Carrasca, Jahane ','1-230','17000','billing','cash','','2017-08-14 14:37:40',000022,'Rm109-1mth stay only. P8500/mth','yes','yes','ok'),
(000564,000075,'Pondevida, Francis ','0429','7270','billing','cash','','2017-08-14 23:04:16',307004,'','yes','yes','ok'),
(000565,000060,'Leopoldo Jr. , Molino ','0495','10190','billing','cash','','2017-08-15 08:56:48',304003,'','yes','yes','ok'),
(000566,000031,'Merry Mart,  ','0563','5141.70','billing','cheque','1641235','2017-08-15 11:55:15',000000,'','yes','yes','ok'),
(000567,000009,'Escudero, Brando ','454','10205','billing','cheque','184725','2017-08-15 14:14:30',106001,'','yes','yes','ok'),
(000568,000005,'Ho, Michael ','0561','8400','billing','cash','','2017-08-15 16:42:56',102001,'','yes','yes','ok'),
(000569,000067,'Carrasca, Jahane ','0564','24000','billing','cash','','2017-08-15 17:18:04',000022,'Unit F1 Lemuel ','yes','yes','ok'),
(000570,000058,', AHGS ','565','55983.45','billing','cheque','6542164684','2017-08-15 18:33:18',000022,'','yes','yes','ok'),
(000571,000033,'Tano, Arlene ','1-219','4500','billing','cash','','2017-08-15 19:16:16',000022,'Rm 6-Cristina ramos','yes','yes','ok'),
(000572,000011,'Enriquez, Lester ','0503','8400','billing','cash','','2017-08-15 22:06:22',108001,'','yes','yes','ok'),
(000573,000057,'Sierra, Carlo Ricardo M.','0398','15550','billing','cash','','2017-08-15 22:28:21',309002,'','yes','yes','ok'),
(000574,000064,'Ingan, Arianna Jamila ','0517','10000','billing','cash','','2017-08-15 22:39:06',200004,'','yes','yes','ok'),
(000575,000026,'Maido, Maribel ','0416','6150','billing','cash','','2017-08-16 21:45:02',305001,'','yes','yes','ok'),
(000576,000067,'Carrasca, Jahane ','0562','25347','billing','cheque','281256','2017-08-17 14:49:26',000022,'Maranatha Eatry ','yes','yes','ok'),
(000577,000017,'Fernandez, Maria ','0478','8000','billing','cash','','2017-08-17 21:33:57',205001,'','yes','yes','ok'),
(000578,000028,'Macam, Hans ','0396','8000','billing','cash','','2017-08-18 06:21:32',308001,'','yes','yes','ok'),
(000579,000033,'Tano, Arlene ','1-231','5000','billing','cash','','2017-08-18 08:50:01',000022,'Room 3-rodith','yes','yes','ok'),
(000580,000033,'Tano, Arlene ','1-233','21900','billing','cash','','2017-08-19 11:29:14',000022,'Room 100. 1mth adv & 2 mths dep.','yes','yes','ok'),
(000581,000008,'Lim, Hannah ','253','10000','billing','cash','','2017-08-19 18:16:45',105001,'','yes','yes','ok'),
(000582,000033,'Tano, Arlene ','1-239','6000','billing','cash','','2017-08-22 19:34:47',000022,'Rm 4 lymel','yes','yes','ok'),
(000583,000033,'Tano, Arlene ','1-240','16500','billing','cash','','2017-08-25 20:51:58',000022,'Labucay room 2, 1mth adv & 2 mths dep.','yes','yes','ok'),
(000584,000033,'Tano, Arlene ','1-243','10513.76','billing','cheque','12995','2017-08-26 19:28:06',000022,'EXA sales July & aug bill ','yes','yes','ok'),
(000585,000007,'Visitacion, Gino ','0449','10000','billing','cash','','2017-08-31 22:50:17',104001,'','yes','yes','ok'),
(000586,000067,'Carrasca, Jahane ','1-229','22200','billing','cash','','2017-09-06 10:12:18',000022,'Chloie room 107, 1mth adv & 2mths dep','yes','yes','ok'),
(000587,000033,'Tano, Arlene ','1-242','1950','billing','cash','','2017-09-09 18:37:13',000022,'Labucay mary grace ','yes','yes','ok'),
(000588,000019,'Colinares, Francisco IV  ','0601','7500','billing','cash','','2017-09-12 08:01:03',207001,'','yes','yes','ok'),
(000589,000076,'Liza, Rogin ','621','7500','billing','cash','','2017-09-12 09:41:09',306001,'','yes','yes','ok'),
(000590,000018,'Mayol, Nazhelle ','0598','9220','billing','cash','','2017-09-12 20:40:34',206001,'','yes','yes','ok'),
(000591,000068,'Apura, Caitlin A.','0468','8000','billing','cash','','2017-09-13 14:22:25',201004,'','yes','yes','ok'),
(000592,000067,'Carrasca, Jahane ','1-234','43000','billing','cash','','2017-09-14 12:34:43',000022,'','yes','yes','ok'),
(000593,000042,'Romero, Lemuel ','0725','24200','billing','cash','','2017-09-14 20:50:43',000000,'','yes','yes','ok'),
(000594,000009,'Escudero, Brando ','579','10287.50','billing','cheque','184838','2017-09-14 21:59:24',106001,'','yes','yes','ok'),
(000595,000028,'Macam, Hans ','0627','7750','billing','cash','','2017-09-15 07:26:07',308001,'','yes','yes','ok'),
(000596,000058,', AHGS ','0729','62105.50','billing','cheque','6542182531','2017-09-15 16:11:36',000022,'','yes','yes','ok'),
(000597,000033,'Tano, Arlene ','1-241','7214','billing','cash','','2017-09-15 19:43:34',000022,'','yes','yes','ok'),
(000598,000033,'Tano, Arlene ','1-232','6140.50','billing','cheque','13022','2017-09-15 19:44:54',000022,'EXA Sale','yes','yes','ok'),
(000599,000064,'Ingan, Arianna Jamila ','0356','9400','billing','cash','','2017-09-15 20:04:45',200004,'','yes','yes','ok'),
(000600,000057,'Sierra, Carlo Ricardo M.','0433','8240','billing','cash','','2017-09-15 21:55:43',309002,'','yes','yes','ok'),
(000601,000075,'Pondevida, Francis ','0430','9420','billing','cash','','2017-09-16 00:04:06',307004,'','yes','yes','ok'),
(000602,000005,'Ho, Michael ','568','8400','billing','cash','','2017-09-16 09:08:14',102001,'','yes','yes','ok'),
(000603,000067,'Carrasca, Jahane ','0412','7570','billing','cash','','2017-09-16 09:37:07',000022,'','yes','yes','ok'),
(000604,000070,'Molino, Leopoldo Jr. ','0493','10500','billing','cash','','2017-09-16 10:42:28',208003,'','yes','yes','ok'),
(000605,000026,'Maido, Maribel ','0618','6000','billing','cash','','2017-09-16 13:46:38',305001,'','yes','yes','ok'),
(000606,000033,'Tano, Arlene ','1-345','5335','billing','cash','','2017-09-16 18:44:34',000022,'','yes','yes','ok'),
(000607,000033,'Tano, Arlene ','1-346','5000','billing','cash','','2017-09-16 18:46:20',000022,'','yes','yes','ok'),
(000608,000017,'Fernandez, Maria ','477','8000','billing','cash','','2017-09-17 18:23:58',205001,'','yes','yes','not_ok'),
(000609,000078,'Benenoso, Khem Q.','0320','14600','billing','cash','','2017-09-19 07:14:47',203002,'','yes','yes','ok'),
(000610,000031,'Merry Mart,  ','0727','4796.25','billing','cheque','1641240','2017-09-19 08:16:29',000000,'','yes','yes','not_ok'),
(000613,000019,'Colinares, Francisco IV  ','0853','8000','billing','cash','','2018-06-12 15:48:53',207001,'','yes','yes','ok'),
(000614,000080,'Bustamante, Patricia  M.','0839','8099.41','billing','cash','','2018-06-12 16:12:04',101002,'Received amount 8100.00','yes','yes','not_ok'),
(000615,000081,'Descuatan, Kimberly C.','0843','8900','billing','cash','','2018-06-13 14:00:57',105002,'','yes','yes','ok'),
(000616,000028,'Macam, Hans Christian ','0862','7800','billing','cash','','2018-06-13 19:14:14',308001,'','yes','yes','ok'),
(000617,000042,'Romero, Lemuel ','0866','25000','billing','cash','','2018-06-14 08:06:05',221001,'','yes','yes','ok'),
(000618,000084,'Estilo, Leah ','0835','8000','billing','cash','','2018-06-14 08:48:08',200004,'','yes','yes','ok'),
(000619,000070,'Molino , Leopoldo Jr. ','0854','9270.75','billing','cash','','2018-06-14 09:36:27',208003,'','yes','yes','ok'),
(000620,000005,'Ho, Michael ','840','9000','billing','cash','','2018-06-14 20:15:16',102001,'','yes','yes','ok'),
(000621,000075,'Fernandez, Ryan ','0861','7300.00','billing','cash','','2018-06-15 09:42:50',307004,'','yes','yes','ok'),
(000622,000009,'Escudero, Brando Hilary  H.','0844','10867.37','billing','cheque','216242','2018-06-15 09:57:32',106001,'','yes','yes','ok'),
(000623,000083,'Atilon, Emerson O.','0846','8500','billing','cash','','2018-06-15 10:24:26',109003,'','yes','yes','ok'),
(000624,000085,'Barsobia, Rosemary ','202','10020.00','billing','cash','','2018-06-15 18:26:01',202003,'','yes','yes','ok'),
(000625,000079,'Pongase, Chloie Anne M.','0845','11250.','billing','cash','','2018-06-15 20:08:43',107004,'','yes','yes','ok'),
(000627,000033,'Tano, Arlene ','1444','12450','billing','cash','','2018-06-16 08:57:55',220110,'Lymel may & jun Utilities ','yes','yes','ok'),
(000628,000033,'Tano, Arlene ','1445','5300','billing','cash','','2018-06-16 09:00:13',220110,'Cristina Ramos ','yes','yes','ok'),
(000629,000033,'Tano, Arlene ','1446','2070','billing','cash','','2018-06-16 09:01:54',220110,'','yes','yes','ok'),
(000630,000090,'Arguelles, Michael  Q.','0674','3250','billing','cash','','2018-06-16 18:24:01',301002,'','yes','yes','ok'),
(000631,000026,'Maido, Maribel ','0859','6420','billing','cash','','2018-06-17 20:39:31',305001,'','yes','yes','ok'),
(000632,000093,'Arangote, Shoanne Marie ','0858','890','billing','cash','','2018-06-18 12:29:36',304004,'','yes','yes','ok'),
(000633,000092,'Utana, Jonel ','0857','8000','billing','cash','','2018-06-18 13:32:18',303002,'','yes','yes','ok'),
(000634,000086,'Gamutan, Joy Capilitan ','0852','9518.45','billing','cheque','3953369','2018-06-19 09:52:13',205002,'','yes','yes','ok'),
(000635,000067,'Mayol, Loveleny ','0719','10275','billing','cash','','2018-06-21 16:56:53',221986,'108','yes','yes','ok'),
(000636,000067,'Mayol, Loveleny ','12012','56000.00','billing','cash','','2018-06-21 16:58:35',221986,'Taka Hari for H2 \r\n1 month dep & 1 month adv','yes','yes','ok'),
(000637,000089,'Segura, Remz ','0680','20000','billing','cash','','2018-06-22 16:55:31',300002,'','yes','yes','ok'),
(000638,000067,'Mayol, Loveleny ','856','7200','billing','cash','','2018-06-23 10:11:19',221986,'room 302 ','yes','yes','ok'),
(000639,000006,'Mahusay, Lourdes ','0841','30000','billing','cash','','2018-07-02 07:21:23',103001,'','yes','yes','ok'),
(000640,000056,', Maranatha Eatery ','0864','24000','billing','cheque','294723','2018-07-03 14:13:48',002201,'','yes','yes','ok'),
(000641,000094,', Maranaha Convenience Store ','0886','7500','billing','cheque','2994722','2018-07-03 14:18:58',002202,'','yes','yes','ok'),
(000642,000067,'Mayol, Loveleny ','1447','15000','billing','cash','','2018-07-03 17:26:30',221986,'','yes','yes','ok'),
(000645,000081,'Descuatan, Kimberly C.','0657','9070','billing','cash','','2018-07-04 20:02:31',105002,'','yes','yes','ok'),
(000646,000019,'Colinares, Francisco IV  ','0666','7500','billing','cash','','2018-07-05 06:50:08',207001,'','yes','yes','ok'),
(000647,000098,'Garol, Jina C.','883','7000','billing','cash','','2018-07-05 16:05:06',221002,'','yes','yes','ok'),
(000648,000093,'Arangote, Shoanne Marie ','0898','8410','billing','cash','','2018-07-06 12:13:20',304004,'','yes','yes','ok'),
(000649,000067,'Mayol, Loveleny ','1448','6450','billing','cash','','2018-07-06 18:01:33',221986,'201 balance deposit','yes','yes','ok'),
(000650,000097,'Tiu, Jurine D.','0797','247.00','billing','cash','','2018-07-07 18:30:14',100003,'','yes','yes','ok'),
(000651,000075,'Fernandez, Ryan ','0885','7000.00','billing','cash','','2018-07-07 19:27:10',307004,'','yes','yes','ok'),
(000652,000028,'Macam, Hans Christian ','0882','7750','billing','cash','','2018-07-11 08:16:47',308001,'','yes','yes','ok'),
(000653,000076,'Liza, Rogin ','890','8000','billing','cash','','2018-07-11 09:54:45',306001,'','yes','yes','ok'),
(000654,000007,'Visitacion, Gino ','0751','10000','billing','cash','','2018-07-11 14:40:26',104001,'','yes','yes','ok'),
(000655,000088,'Tadena, Ma. Teresa  ','0876','8160','billing','cash','','2018-07-12 10:20:14',209002,'','yes','yes','ok'),
(000656,000042,'Romero, Lemuel ','0889','24050','billing','cash','','2018-07-13 08:11:04',221001,'','yes','yes','ok'),
(000657,000033,'Tano, Arlene ','1429','5170','billing','cash','','2018-07-13 11:06:46',220110,'Cristina Ramos','yes','yes','ok'),
(000658,000067,'Mayol, Loveleny ','1148','2500','billing','cash','','2018-07-13 16:45:09',221986,'','yes','yes','ok'),
(000659,000067,'Mayol, Loveleny ','1149','21161.41','billing','cheque','6542233931','2018-07-13 16:47:24',221986,'Ahgs','yes','yes','ok'),
(000660,000005,'Ho, Michael ','878','8690','billing','cash','','2018-07-13 18:20:40',102001,'','yes','yes','ok'),
(000661,000078,'Benenoso, Khem Q.','0634','8340','billing','cash','','2018-07-13 20:28:14',203002,'','yes','yes','ok'),
(000662,000084,'Estilo, Leah ','0646','7640','billing','cash','','2018-07-14 13:39:56',200004,'','yes','yes','ok'),
(000663,000033,'Tano, Arlene ','1431','6660','billing','cash','','2018-07-14 20:16:00',220110,'Lymel','yes','yes','ok'),
(000664,000033,'Tano, Arlene ','1430','2080','billing','cash','','2018-07-14 20:23:17',220110,'Mary grace','yes','yes','ok'),
(000665,000079,'Pongase, Chloie Anne M.','0881','11140','billing','cash','','2018-07-15 10:38:19',107004,'','yes','yes','ok'),
(000666,000083,'Atilon, Emerson O.','0723','9000','billing','cash','','2018-07-15 17:56:40',109003,'','yes','yes','ok'),
(000667,000085,'Barsobia, Rosemary ','0884','9820.00','billing','cash','','2018-07-15 18:10:25',202003,'','yes','yes','ok'),
(000668,000090,'Arguelles, Michael  Q.','0872','2250','billing','cash','','2018-07-15 19:28:29',301002,'','yes','yes','ok'),
(000669,000086,'Gamutan, Joy Capilitan ','0875','10816.30','billing','cheque','39553382','2018-07-15 23:44:49',205002,'','yes','yes','ok'),
(000670,000092,'Utana, Jonel ','0903','8000.00','billing','cash','','2018-07-16 08:38:54',303002,'','yes','yes','ok'),
(000671,000056,', Maranatha Eatery ','0893','27500','billing','cheque','294765','2018-07-16 14:59:16',002201,'','yes','yes','ok'),
(000672,000094,', Maranaha Convenience Store ','0892','7500','billing','cheque','294766','2018-07-16 15:01:50',002202,'','yes','yes','ok'),
(000673,000057,'Sierra, Carlo Ricardo M.','0880','9200','billing','cash','','2018-07-16 20:55:28',309002,'','yes','yes','ok'),
(000674,000009,'Escudero, Brando Hilary  H.','713','11388.07','billing','cheque','5311839331','2018-07-16 22:01:53',106001,'','yes','yes','ok'),
(000675,000091,'Ardiente, Kzyl Ivan U.','874','7650','billing','cash','','2018-07-19 09:01:52',302002,'','yes','yes','ok'),
(000676,000089,'Segura, Remz ','0873','9500','billing','cash','','2018-07-19 17:03:18',300002,'','yes','yes','ok'),
(000677,000067,'Mayol, Loveleny ','1150','38000.00','billing','cash','','2018-07-20 17:51:53',221986,'E2 ','yes','yes','ok'),
(000678,000067,'Mayol, Loveleny ','720','10070','billing','cash','','2018-07-20 17:53:57',221986,'','yes','yes','ok'),
(000679,000033,'Tano, Arlene ','1432','7000','billing','cash','','2018-07-20 18:54:37',220110,'','yes','yes','ok'),
(000680,000067,'Mayol, Loveleny ','1151','22200.00','billing','cash','','2018-07-21 10:59:59',221986,'','yes','yes','ok'),
(000681,000067,'Mayol, Loveleny ','891','43994.88','billing','cheque','1875050','2018-07-21 14:52:25',221986,'Suds','yes','yes','ok'),
(000682,000067,'Mayol, Loveleny ','877','8060.00','billing','cash','','2018-07-24 17:23:09',221986,'','yes','yes','ok'),
(000683,000026,'Maido, Maribel ','0895','6000','billing','cash','','2018-07-25 14:19:43',305001,'','yes','yes','ok'),
(000684,000007,'Visitacion, Gino ','0842','7000','billing','cash','','2018-07-26 16:56:00',104001,'','yes','yes','ok'),
(000685,000067,'Mayol, Loveleny ','1152','5000','billing','cash','','2018-07-31 15:35:34',221986,'','yes','yes','ok'),
(000691,000098,'Garol, Jina C.','0920','25200','billing','cash','','2018-08-02 17:43:45',221002,'','yes','yes','ok'),
(000692,000101,'Wang, Yu Qi ','0921','8980','billing','cash','','2018-08-03 13:54:33',221003,'','yes','yes','ok'),
(000693,000097,'Tiu, Jurine D.','0916','9500','billing','cash','','2018-08-03 15:00:29',100003,'','yes','yes','ok'),
(000694,000081,'Descuatan, Kimberly C.','0896','9700','billing','cash','','2018-08-07 10:51:48',105002,'','yes','yes','ok'),
(000695,000019,'Colinares, Francisco IV  ','0906','7600','billing','cash','','2018-08-08 06:36:25',207001,'','yes','yes','ok'),
(000696,000078,'Benenoso, Khem Q.','0911','8100','billing','cash','','2018-08-11 09:15:27',203002,'','yes','yes','ok'),
(000697,000076,'Liza, Rogin ','698','7700','billing','cash','','2018-08-11 09:42:50',306001,'','yes','yes','ok'),
(000698,000067,'Mayol, Loveleny ','1153','14000','billing','cash','','2018-08-11 13:36:22',221986,'Reservation for 208','yes','yes','ok'),
(000699,000028,'Macam, Hans Christian ','0708','7900','billing','cash','','2018-08-11 19:11:00',308001,'','yes','yes','ok'),
(000700,000088,'Tadena, Ma. Teresa  ','0905','7500','billing','cash','','2018-08-11 21:42:15',209002,'','yes','yes','ok'),
(000701,000084,'Estilo, Leah ','0914','7500','billing','cash','','2018-08-13 08:34:40',200004,'','yes','yes','ok'),
(000702,000095,', Suds ','0924','47641.27','billing','cheque','1875062','2018-08-14 15:01:23',002001,'','yes','yes','ok'),
(000703,000067,'Mayol, Loveleny ','1155','13731.90','billing','cheque','6542233890','2018-08-14 15:28:00',221986,'AHGS','yes','yes','ok'),
(000704,000067,'Mayol, Loveleny ','1154','8200','billing','cash','','2018-08-14 15:29:04',221986,'208 complete deposit','yes','yes','ok'),
(000705,000086,'Gamutan, Joy Capilitan ','0909','9291.02','billing','cheque','6905192','2018-08-14 23:17:20',205002,'','yes','yes','ok'),
(000706,000042,'Romero, Lemuel ','0919','24300','billing','cash','','2018-08-15 07:28:32',221001,'','yes','yes','ok'),
(000707,000067,'Mayol, Loveleny ','1156','34405.00','billing','cash','','2018-08-15 09:23:31',221986,'Taka Hari ','yes','yes','ok'),
(000708,000090,'Arguelles, Michael  Q.','0608','9320','billing','cash','','2018-08-15 09:41:09',301002,'','yes','yes','ok'),
(000709,000067,'Mayol, Loveleny ','0904','9600','billing','cash','','2018-08-15 09:54:48',221986,'Room 206 aikel','yes','yes','ok'),
(000710,000094,', Maranaha Convenience Store ','0926','7950','billing','cheque','294837','2018-08-15 13:32:33',002202,'','yes','yes','ok'),
(000711,000093,'Arangote, Shoanne Marie ','0687','8360','billing','cash','','2018-08-15 14:24:53',304004,'','yes','yes','ok'),
(000712,000099,'Rafols, Monica O.','0913','11050','billing','cash','','2018-08-15 15:46:49',201005,'','yes','yes','ok'),
(000713,000085,'Barsobia, Rosemary ','0912','9820','billing','cash','','2018-08-15 21:00:30',202003,'','yes','yes','ok'),
(000714,000005,'Ho, Michael ','902','8900','billing','cash','','2018-08-15 22:09:56',102001,'','yes','yes','ok'),
(000715,000009,'Escudero, Brando Hilary  H.','897','10590','billing','cash','','2018-08-16 22:00:15',106001,'','yes','yes','ok'),
(000716,000089,'Segura, Remz ','0917','12500','billing','cash','','2018-08-17 04:18:00',300002,'','yes','yes','ok'),
(000717,000057,'Sierra, Carlo Ricardo M.','918','10150','billing','cash','','2018-08-17 15:21:50',309002,'','yes','yes','ok'),
(000718,000026,'Maido, Maribel ','305','6740','billing','cash','','2018-08-18 16:05:17',305001,'Late payment','yes','yes','ok'),
(000719,000007,'Visitacion, Gino ','0894','13100','billing','cash','','2018-08-19 15:22:22',104001,'Late Payment','yes','yes','ok'),
(000720,000091,'Ardiente, Kzyl Ivan U.','0908','8020','billing','cash','','2018-08-20 07:50:36',302002,'Aug bill','yes','yes','ok'),
(000721,000092,'Utana, Jonel ','0949','7520.00','billing','cash','','2018-08-20 07:52:34',303002,'','yes','yes','ok'),
(000722,000082,'Nishioka, Yuki ','90000','10000','billing','cash','','2018-08-22 10:50:29',108002,'','yes','yes','ok'),
(000723,000067,'Mayol, Loveleny ','1157','12000','billing','cash','','2018-08-25 13:43:11',221986,'','yes','yes','not_ok'),
(000724,000096,'Maravilla, Jan Neilsen ','0910','10600','billing','cash','','2018-08-28 07:53:20',204003,'','yes','yes','ok'),
(000725,000079,'Pongase, Chloie Anne M.','0899','11990','billing','cash','','2018-08-31 18:43:13',107004,'','yes','yes','ok'),
(000726,000033,'Tano, Arlene ','1433','6569','billing','cash','','2018-09-03 17:39:53',220110,'','yes','yes','ok'),
(000727,000098,'Garol, Jina C.','0956','26000','billing','cash','','2018-09-07 18:52:17',221002,'','yes','yes','ok'),
(000728,000090,'Arguelles, Michael  Q.','0947','2900','billing','cash','','2018-09-08 09:14:47',301002,'','yes','yes','ok'),
(000729,000100,'Gille, Melania G.','0936','9150','billing','cash','','2018-09-08 19:48:40',109004,'No receipt!','yes','yes','ok'),
(000730,000088,'Tadena, Ma. Teresa  ','0945','7800','billing','cash','','2018-09-08 20:24:51',209002,'No attached receipt','yes','yes','ok'),
(000731,000019,'Colinares, Francisco IV  ','0944','8000','billing','cash','','2018-09-10 06:29:32',207001,'','yes','yes','ok'),
(000732,000028,'Macam, Hans Christian ','0953','7850','billing','cash','','2018-09-10 07:57:01',308001,'','yes','yes','ok'),
(000733,000103,'Lopez, Kyle V.','0670','5100','billing','cash','','2018-09-10 08:43:38',208005,'','yes','yes','ok'),
(000734,000042,'Romero, Lemuel ','0955','24200','billing','cash','','2018-09-11 07:39:33',221001,'','yes','yes','ok'),
(000735,000102,'Canen, Joanna ','0701','9250','billing','cash','','2018-09-11 12:24:51',307005,'','yes','yes','ok'),
(000736,000067,'Mayol, Loveleny ','1158','2000','billing','cash','','2018-09-11 17:02:43',221986,'','yes','yes','ok'),
(000737,000067,'Mayol, Loveleny ','1159','8543.85','billing','cheque','6542245784','2018-09-11 17:04:17',221986,'','yes','yes','ok'),
(000738,000097,'Tiu, Jurine D.','0928','9000','billing','cash','','2018-09-11 18:51:28',100003,'','yes','yes','ok'),
(000739,000087,'Gabayno, Aikel S.','0943','10150','billing','cash','','2018-09-12 09:56:47',206002,'','yes','yes','ok'),
(000740,000084,'Estilo, Leah ','0937','7500','billing','cash','','2018-09-14 09:03:29',200004,'','yes','yes','ok'),
(000741,000093,'Arangote, Shoanne Marie ','0950','8200','billing','cash','','2018-09-14 14:05:22',304004,'','yes','yes','ok'),
(000742,000095,', Suds ','957','48076.05','billing','cheque','1875088','2018-09-14 16:36:12',002001,'','yes','yes','ok'),
(000743,000057,'Sierra, Carlo Ricardo M.','954','10220','billing','cash','','2018-09-14 16:42:53',309002,'','yes','yes','ok'),
(000744,000081,'Descuatan, Kimberly C.','0932','8700','billing','cash','','2018-09-14 18:45:56',105002,'','yes','yes','ok'),
(000745,000085,'Barsobia, Rosemary ','0939','9940','billing','cash','','2018-09-14 20:17:59',202003,'','yes','yes','ok'),
(000746,000078,'Benenoso, Khem Q.','0940','8440','billing','cash','','2018-09-14 20:35:18',203002,'','yes','yes','ok'),
(000747,000005,'Ho, Michael ','929','8800','billing','cash','','2018-09-14 20:42:55',102001,'','yes','yes','ok'),
(000748,000086,'Gamutan, Joy Capilitan ','0942','9006.33','billing','cheque','3953306','2018-09-15 00:35:50',205002,'','yes','yes','ok'),
(000749,000009,'Escudero, Brando Hilary  H.','0933','10440','billing','cash','','2018-09-15 07:10:52',106001,'','yes','yes','ok'),
(000750,000076,'Liza, Rogin ','952','8000','billing','cash','','2018-09-15 09:59:54',306001,'','yes','yes','ok'),
(000751,000094,', Maranaha Convenience Store ','0961','8200.00','billing','cheque','294918','2018-09-15 10:42:39',002202,'','yes','yes','ok'),
(000752,000026,'Maido, Maribel ','0951','7170','billing','cash','','2018-09-16 15:28:41',305001,'','yes','yes','ok'),
(000753,000105,'Milan, Hanz Maria C.','0927','240','billing','cash','','2018-09-17 10:48:30',101003,'','yes','yes','ok'),
(000754,000096,'Maravilla, Jan Neilsen ','0941','11000','billing','cash','','2018-09-18 19:14:51',204003,'','yes','yes','ok'),
(000755,000082,'Nishioka, Yuki ','0935','10500','billing','cash','','2018-09-21 12:16:24',108002,'','yes','yes','ok'),
(000756,000091,'Ardiente, Kzyl U.','0948','8820','billing','cash','','2018-09-21 20:15:48',302002,'','yes','yes','ok'),
(000757,000079,'Pongase, Chloie Anne M.','0964','11620','billing','cash','','2018-09-22 15:06:48',107004,'','yes','yes','ok'),
(000758,000092,'Utana, Jonel ','0963','8000.00','billing','cash','','2018-09-30 21:54:30',303002,'','yes','yes','ok'),
(000759,000019,'Colinares, Francisco IV  ','0983','8000','billing','cash','','2018-10-05 06:27:07',207001,'','yes','yes','ok'),
(000760,000098,'Garol, Jina C.','0997','54000','billing','cash','','2018-10-08 08:31:58',221002,'','yes','yes','ok'),
(000761,000106,'Matsuoka, Kana ','0993','500','billing','cash','','2018-10-08 08:45:06',307006,'','yes','yes','ok'),
(000762,000087,'Gabayno, Aikel S.','0982','9140','billing','cash','','2018-10-09 07:08:11',206002,'','yes','yes','ok'),
(000763,000104,'Salalila, Benedicto Cruz','0998','21000','billing','cash','','2018-10-10 07:58:37',221004,'','yes','yes','ok'),
(000764,000103,'Lopez, Kyle V.','0984','8950','billing','cash','','2018-10-10 17:25:26',208005,'','yes','yes','ok'),
(000765,000097,'Tiu, Jurine D.','0965','10000','billing','cash','','2018-10-10 19:56:01',100003,'','yes','yes','ok'),
(000766,000088,'Tadena, Ma. Teresa  ','985','7600','billing','cash','','2018-10-12 08:23:27',209002,'','yes','yes','ok'),
(000767,000067,'Mayol, Loveleny ','1160','8203.50','billing','cheque','6542245892','2018-10-12 14:47:36',221986,'AHGS ','yes','yes','ok'),
(000768,000067,'Mayol, Loveleny ','1161','2800','billing','cash','','2018-10-13 15:05:19',221986,'G1 daily 6.5 days x p1200 - p5k deposit ','yes','yes','ok'),
(000769,000092,'Utana, Jonel ','0989','7000.00','billing','cash','','2018-10-14 11:09:40',303002,'','yes','yes','ok'),
(000770,000086,'Gamutan, Joy Capilitan ','0981','9351.20','billing','cheque','3953320','2018-10-14 12:47:28',205002,'','yes','yes','ok'),
(000771,000096,'Maravilla, Jan Neilsen ','0980','10150','billing','cash','','2018-10-14 15:48:41',204003,'','yes','yes','ok'),
(000772,000078,'Benenoso, Khem Q.','0979','8700','billing','cash','','2018-10-14 15:57:13',203002,'','yes','yes','ok'),
(000773,000028,'Macam, Hans Christian ','0994','7500','billing','cash','','2018-10-14 17:30:20',308001,'','yes','yes','ok'),
(000774,000093,'Arangote, Shoanne Marie ','0990','8050','billing','cash','','2018-10-14 18:48:46',304004,'','yes','yes','ok'),
(000775,000105,'Milan, Hanz C.','0966','11000','billing','cash','','2018-10-15 14:34:43',101003,'','yes','yes','ok'),
(000776,000095,', Suds ','0999','47210.76','billing','cheque','1875103','2018-10-15 15:23:32',002001,'No receipt','yes','yes','ok'),
(000777,000067,'Mayol, Loveleny ','1162','6800.00','billing','cash','','2018-10-15 17:09:14',221986,'One month adv Rm 300','yes','yes','ok'),
(000778,000067,'Mayol, Loveleny ','1163','16500','billing','cash','','2018-10-15 17:10:02',221986,'For Rm 105 Joanne ','yes','yes','ok'),
(000779,000085,'Barsobia, Rosemary ','0978','9600','billing','cash','','2018-10-15 18:02:02',202003,'','yes','yes','ok'),
(000780,000042,'Romero, Lemuel ','0996','23500','billing','cash','','2018-10-15 19:32:48',221001,'','yes','yes','ok'),
(000781,000099,'Rafols, Monica O.','0938','17033','billing','cash','','2018-10-15 20:32:42',201005,'No receipt','yes','yes','ok'),
(000782,000009,'Escudero, Brando Hilary  H.','0971','10500','billing','cash','','2018-10-15 21:57:24',106001,'','yes','yes','ok'),
(000783,000090,'Arguelles, Michael  Q.','987','1600','billing','cash','','2018-10-16 08:58:31',301002,'','yes','yes','ok'),
(000784,000084,'Estilo, Leah ','0977','7670','billing','cash','','2018-10-16 09:20:44',200004,'','yes','yes','ok'),
(000785,000067,'Mayol, Loveleny ','1164','23000','billing','cash','','2018-10-16 14:21:37',221986,'Rm 107, 2 mths dep & 1mth adv','yes','yes','ok'),
(000786,000005,'Ho, Michael ','967','8720','billing','cash','','2018-10-16 17:11:42',102001,'','yes','yes','ok'),
(000787,000057,'Sierra, Carlo Ricardo M.','0995','10500','billing','cash','','2018-10-17 03:51:08',309002,'Received p8500','yes','yes','not_ok'),
(000788,000026,'Maido, Maribel ','0991','6600','billing','cash','','2018-10-17 12:01:35',305001,'','yes','yes','ok'),
(000789,000067,'Mayol, Loveleny ','1165','14000','billing','cash','','2018-10-18 11:30:35',221986,'','yes','yes','ok'),
(000790,000094,', Maranaha Convenience Store ','1001','7000','billing','cheque','297237','2018-10-18 15:44:10',002202,'','yes','yes','ok'),
(000791,000094,', Maranaha Convenience Store ','0972','600','billing','cash','','2018-10-18 15:56:44',002202,'','yes','yes','ok'),
(000793,000007,'Visitacion, Gino ','0931','15000','billing','cash','','2018-10-22 12:45:36',104001,'','yes','yes','ok'),
(000794,000091,'Ardiente, Kzyl U.','0988','7990','billing','cash','','2018-10-23 07:53:35',302002,'','yes','yes','ok'),
(000795,000082,'Nishioka, Yuki ','108002','080218','billing','cash','','2018-10-23 10:58:04',108002,'','yes','yes','not_ok'),
(000796,000082,'Nishioka, Yuki ','0973','9773.62','billing','cash','','2018-10-23 11:00:48',108002,'P10k paid','yes','yes','not_ok'),
(000797,000109,'Gallego, Rami H.','1022','4000.00','billing','cash','','2018-11-06 16:34:45',300003,'','yes','yes','ok'),
(000798,000106,'Matsuoka, Kana ','1029','7500','billing','cash','','2018-11-07 17:26:24',307006,'','yes','yes','ok'),
(000799,000067,'Mayol, Loveleny ','1166','9875.20','billing','cheque','6542251497','2018-11-08 16:58:38',221986,'AHGS Utilities ','yes','yes','ok'),
(000800,000087,'Gabayno, Aikel S.','1018','9400','billing','cash','','2018-11-11 10:18:40',206002,'','yes','yes','ok'),
(000801,000088,'Tadena, Ma. Teresa  ','1021','7840','billing','cash','','2018-11-12 15:19:22',209002,'','yes','yes','ok'),
(000802,000104,'Salalila, Benedicto Cruz','1032','22000','billing','cash','','2018-11-12 16:59:00',221004,'','yes','yes','ok'),
(000803,000084,'Estilo, Leah ','1012','7600','billing','cash','','2018-11-13 09:10:17',200004,'','yes','yes','ok'),
(000804,000028,'Macam, Hans Christian ','1030','7300','billing','cash','','2018-11-13 09:11:38',308001,'','yes','yes','ok'),
(000805,000056,', Maranatha Eatery ','1035','14900','billing','cheque','297312','2018-11-13 13:53:39',002201,'','yes','yes','ok'),
(000806,000094,', Maranaha Convenience Store ','1036','650','billing','cash','','2018-11-13 13:55:22',002202,'','yes','yes','ok'),
(000807,000098,'Garol, Jina C.','0958','33640','billing','cash','','2018-11-13 14:14:38',221002,'','yes','yes','ok'),
(000808,000097,'Tiu, Jurine D.','1002','10000','billing','cash','','2018-11-13 14:18:55',100003,'','yes','yes','ok'),
(000809,000107,'Canen, Joanna ','1007','5250','billing','cash','','2018-11-13 14:32:42',105003,'','yes','yes','ok'),
(000810,000019,'Colinares, Francisco IV  ','1019','7100','billing','cash','','2018-11-14 06:32:08',207001,'','yes','yes','ok'),
(000811,000108,'Nueva, Jefferson T.','1009','5000','billing','cash','','2018-11-14 14:17:15',107005,'','yes','yes','ok'),
(000812,000095,', Suds ','1037','48895.20','billing','cheque','1875143','2018-11-14 15:21:08',002001,'','yes','yes','ok'),
(000813,000093,'Arangote, Shoanne Marie ','1026','8170','billing','cash','','2018-11-15 15:03:29',304004,'','yes','yes','ok'),
(000814,000085,'Barsobia, Rosemary ','1014','9670','billing','cash','','2018-11-15 18:24:38',202003,'','yes','yes','ok'),
(000815,000096,'Maravilla, Jan Neilsen ','1016','9300','billing','cash','','2018-11-15 18:27:42',204003,'','yes','yes','ok'),
(000816,000005,'Ho, Michael ','1004','8800','billing','cash','','2018-11-15 18:39:06',102001,'','yes','yes','ok'),
(000817,000042,'Romero, Lemuel ','1033','23800','billing','cash','','2018-11-15 19:30:09',221001,'','yes','yes','ok'),
(000818,000078,'Benenoso, Khem Q.','1015','8700','billing','cash','','2018-11-15 19:46:09',203002,'','yes','yes','ok'),
(000819,000105,'Milan, Hanz C.','1003','11000','billing','cash','','2018-11-15 20:05:14',101003,'','yes','yes','ok'),
(000820,000099,'Rafols, Monica O.','1013','8400','billing','cash','','2018-11-15 23:12:45',201005,'','yes','yes','ok'),
(000823,000057,'Sierra, Carlo Ricardo M.','1031','10650','billing','cash','','2018-11-15 23:37:43',309002,'','yes','yes','ok'),
(000824,000026,'Maido, Maribel ','1027','5500','billing','cash','','2018-11-16 16:39:40',305001,'','yes','yes','ok'),
(000825,000090,'Arguelles, Michael  Q.','1023','2550','billing','cash','','2018-11-17 08:51:23',301002,'','yes','yes','ok'),
(000826,000009,'Escudero, Brando Hilary  H.','1008','10340','billing','cash','','2018-11-18 21:36:56',106001,'','yes','yes','ok'),
(000827,000086,'Gamutan, Joy Capilitan ','1017','8944.60','billing','cheque','3953346','2018-11-19 12:20:36',205002,'','yes','yes','ok'),
(000828,000007,'Visitacion, Gino ','0969','10000','billing','cash','','2018-11-19 13:28:16',104001,'','yes','yes','ok'),
(000829,000091,'Ardiente, Kzyl U.','1024','8900','billing','cash','','2018-11-27 07:59:34',302002,'','yes','yes','ok'),
(000830,000067,'Mayol, Loveleny ','1168','23000','billing','cash','','2018-11-28 16:54:18',221986,'Room 208 lovender orozco','yes','yes','ok'),
(000831,000067,'Mayol, Loveleny ','1169','15200','billing','cash','','2018-11-29 19:47:57',221986,'109 keisuke','yes','yes','ok'),
(000832,000110,'Orozco, Lovemder ','1020','50','billing','cash','','2018-12-04 10:55:08',208006,'','yes','yes','ok'),
(000833,000098,'Garol, Jina C.','1071','38000','billing','cash','','2018-12-04 13:23:25',221002,'','yes','yes','ok'),
(000834,000106,'Matsuoka, Kana ','1064','7033.54','billing','cash','','2018-12-05 05:57:13',307006,'P7500','yes','yes','not_ok'),
(000835,000097,'Tiu, Jurine D.','1038','9000','billing','cash','','2018-12-05 15:23:49',100003,'','yes','yes','ok'),
(000838,000067,'Mayol, Loveleny ','1170','22200','billing','cash','','2018-12-06 14:36:03',221986,'Room 204 Reggie downpayment','yes','yes','ok'),
(000839,000104,'Salalila, Benedicto Cruz','1070','20500','billing','cash','','2018-12-07 12:10:20',221004,'','yes','yes','ok'),
(000840,000019,'Colinares, Francisco IV  ','1055','7400','billing','cash','','2018-12-08 07:59:59',207001,'','yes','yes','ok'),
(000841,000084,'Estilo, Leah ','1048','7500','billing','cash','','2018-12-08 12:54:30',200004,'','yes','yes','ok'),
(000842,000088,'Tadena, Ma. Teresa  ','1056','7970','billing','cash','','2018-12-09 08:09:47',209002,'','yes','yes','ok'),
(000843,000067,'Mayol, Loveleny ','1171','10745','billing','cheque','6542251576','2018-12-10 16:21:51',221986,'','yes','yes','ok'),
(000844,000042,'Romero, Lemuel ','1069','23500','billing','cash','','2018-12-12 19:46:20',221001,'','yes','yes','ok'),
(000845,000111,'Nagamori, Keisuke ','1047','600','billing','cash','','2018-12-13 07:41:22',109005,'','yes','yes','ok'),
(000846,000107,'Canen, Joanna ','1043','8100','billing','cash','','2018-12-14 09:10:53',105003,'','yes','yes','ok'),
(000847,000109,'Gallego, Rami H.','1057','8000.00','billing','cash','','2018-12-14 13:16:25',300003,'','yes','yes','ok'),
(000848,000067,'Mayol, Loveleny ','1172','20000','billing','cash','','2018-12-14 13:36:19',221986,'','yes','yes','ok'),
(000849,000085,'Barsobia, Rosemary ','1050','9220','billing','cash','','2018-12-14 17:18:14',202003,'','yes','yes','ok'),
(000850,000093,'Arangote, Shoanne Marie ','1061','7480','billing','cash','','2018-12-14 18:20:59',304004,'','yes','yes','ok'),
(000851,000005,'Ho, Michael ','1040','8860','billing','cash','','2018-12-14 18:25:06',102001,'','yes','yes','ok'),
(000852,000108,'Nueva, Jetterson T.','1045','11000','billing','cash','','2018-12-15 08:44:59',107005,'','yes','yes','ok'),
(000853,000028,'Macam, Hans Christian ','1065','7300','billing','cash','','2018-12-15 11:09:18',308001,'','yes','yes','ok'),
(000854,000099,'Rafols, Monica O.','1049','9000','billing','cash','','2018-12-15 13:38:08',201005,'No duplicate receipt','yes','yes','not_ok'),
(000855,000095,', Suds ','1072','52644.65','billing','cheque','1875184','2018-12-15 16:19:56',002001,'','yes','yes','ok'),
(000856,000078,'Benenoso, Khem Q.','1051','8650','billing','cash','','2018-12-15 18:15:54',203002,'','yes','yes','ok'),
(000857,000086,'Gamutan, Joy Capilitan ','1053','9442.53','billing','cheque','3996305','2018-12-15 19:45:43',205002,'','yes','yes','ok'),
(000858,000105,'Milan, Hanz C.','1039','10500','billing','cash','','2018-12-15 23:07:53',101003,'','yes','yes','ok'),
(000859,000009,'Escudero, Brando Hilary  H.','1044','11040','billing','cash','','2018-12-16 20:09:05',106001,'','yes','yes','ok'),
(000860,000090,'Arguelles, Michael  Q.','1058','1800','billing','cash','','2018-12-17 08:59:45',301002,'','yes','yes','ok'),
(000861,000067,'Mayol, Loveleny ','1173','22800','billing','cash','','2018-12-17 16:32:41',221986,'2months dep & 1 month adv P7,600.00\r\nRoom 105','yes','yes','ok'),
(000862,000067,'Mayol, Loveleny ','1174','23000','billing','cash','','2018-12-18 09:01:55',221986,'2 months dep & 1 month adv\r\nP7,600.00\r\nRoom 101','yes','yes','ok'),
(000863,000067,'Mayol, Loveleny ','1175','2200','billing','cash','','2018-12-18 11:41:51',221986,'Room 206 Alessandro ','yes','yes','ok'),
(000864,000056,', Maranatha Eatery ','1067','8500','billing','cheque','297403','2018-12-18 17:10:34',002201,'Cash p500, cheque p8k','yes','yes','ok'),
(000865,000094,', Maranaha Convenience Store ','1068','600','billing','cash','','2018-12-18 17:12:00',002202,'','yes','yes','ok'),
(000866,000092,'Utana, Jonel ','1060','8000.00','billing','cash','','2018-12-18 19:10:35',303002,'','yes','yes','ok'),
(000867,000026,'Maido, Maribel ','1062','8550','billing','cash','','2018-12-21 08:12:10',305001,'','yes','yes','ok'),
(000868,000067,'Mayol, Loveleny ','1176','4800','billing','cash','','2018-12-21 08:35:23',221986,'Unit G1 - kyzls parents\r\n12/24-27, 2018','yes','yes','ok'),
(000869,000057,'Sierra, Carlo Ricardo M.','1066','10000','billing','cash','','2018-12-21 08:36:30',309002,'','yes','yes','ok'),
(000870,000091,'Ardiente, Kzyl U.','1059','8000','billing','cash','','2018-12-26 07:24:31',302002,'','yes','yes','ok'),
(000871,000092,'Utana, Jonel ','1074','7800.00','billing','cash','','2018-12-28 17:54:02',303002,'','yes','yes','ok'),
(000872,000106,'Matsuoka, Kana ','1102','7000','billing','cash','','2019-01-05 14:02:53',307006,'','yes','yes','ok'),
(000873,000110,'Orozco, Lovender ','1093','8060','billing','cash','','2019-01-05 19:28:36',208006,'','yes','yes','ok'),
(000874,000088,'Tadena, Ma. Teresa  ','1094','7900','billing','cash','','2019-01-05 22:25:46',209002,'','yes','yes','ok'),
(000875,000104,'Salalila, Benedicto Cruz','1110','21000','billing','cash','','2019-01-07 17:30:26',221004,'','yes','yes','ok'),
(000876,000114,'Yokomiya, Hayato ','1076','3000','billing','cash','','2019-01-07 20:17:19',101004,'','yes','yes','ok'),
(000877,000028,'Macam, Hans Christian ','1103','7500','billing','cash','','2019-01-09 08:48:24',308001,'','yes','yes','ok'),
(000878,000067,'Mayol, Loveleny ','1176','5915.10','billing','cheque','6542261533','2019-01-09 16:31:25',221986,'AHGS dec 2018 Utilities ','yes','yes','ok'),
(000879,000084,'Estilo, Leah ','1085','7700','billing','cash','','2019-01-09 22:59:27',200004,'','yes','yes','ok'),
(000880,000111,'Nagamori, Keisuke ','1084','9000','billing','cash','','2019-01-10 11:07:11',109005,'','yes','yes','ok'),
(000881,000098,'Garol, Jina C.','1109','38000','billing','cash','','2019-01-10 16:41:41',221002,'','yes','yes','ok'),
(000882,000019,'Colinares, Francisco IV  ','1092','7500','billing','cash','','2019-01-12 08:31:41',207001,'','yes','yes','ok'),
(000883,000109,'Gallego, Rami H.','1095','7000','billing','cash','','2019-01-12 18:24:59',300003,'','yes','yes','ok'),
(000884,000078,'Benenoso, Khem Q.','1088','7950','billing','cash','','2019-01-13 09:20:34',203002,'','yes','yes','ok'),
(000885,000107,'Canen, Joanna ','1083','8300','billing','cash','','2019-01-13 11:48:36',105003,'','yes','yes','ok'),
(000886,000108,'Nueva, Jetterson T.','1082','9500','billing','cash','','2019-01-13 13:45:35',107005,'','yes','yes','ok'),
(000887,000112,'Sera, Reggie Louis P.','1089','5620','billing','cash','','2019-01-14 20:42:02',204004,'','yes','yes','ok'),
(000888,000042,'Romero, Lemuel ','1108','23200','billing','cash','','2019-01-15 08:26:44',221001,'','yes','yes','ok'),
(000889,000086,'Gamutan, Joy Capilitan ','1090','8494.50','billing','cheque','3996337','2019-01-15 12:41:31',205002,'','yes','yes','ok'),
(000890,000093,'Arangote, Shoanne Marie ','1099','7890','billing','cash','','2019-01-15 16:06:12',304004,'','yes','yes','ok'),
(000891,000085,'Barsobia, Rosemary ','1087','8850','billing','cash','','2019-01-15 18:11:10',202003,'','yes','yes','ok'),
(000892,000005,'Ho, Michael ','1077','8500','billing','cash','','2019-01-15 18:12:34',102001,'','yes','yes','ok'),
(000893,000009,'Escudero, Brando Hilary  H.','1081','10440','billing','cash','','2019-01-15 21:28:04',106001,'','yes','yes','ok'),
(000894,000097,'Tiu, Jurine D.','1075','8800','billing','cash','','2019-01-16 07:36:59',100003,'','yes','yes','ok'),
(000895,000090,'Arguelles, Michael  Q.','1096','2000','billing','cash','','2019-01-16 09:05:04',301002,'','yes','yes','ok'),
(000896,000026,'Maido, Maribel ','1100','6600','billing','cash','','2019-01-16 13:34:15',305001,'','yes','yes','ok'),
(000897,000113,'Yamaguchi, Tsubasa ','1079','4350','billing','cash','','2019-01-16 14:18:12',105004,'','yes','yes','ok'),
(000898,000095,', Suds ','1111','58996.98','billing','cheque','1875220','2019-01-16 15:39:38',002001,'','yes','yes','ok'),
(000899,000092,'Utana, Jonel ','1098','8000.00','billing','cheque','7288125','2019-01-19 13:04:30',303002,'','yes','yes','ok'),
(000900,000056,', Maranatha Eatery ','1105','28720','billing','cheque','300566','2019-01-22 09:50:58',002201,'','yes','yes','ok'),
(000901,000094,', Maranaha Convenience Store ','1106','7500','billing','cheque','300567','2019-01-22 09:52:54',002202,'','yes','yes','ok'),
(000902,000067,'Mayol, Loveleny ','1177','24000','billing','cash','','2019-01-23 16:16:07',221986,'Room 108 emerjane 1/24/19','yes','yes','ok'),
(000903,000057,'Sierra, Carlo Ricardo M.','1104','10000','billing','cash','','2019-01-25 23:04:58',309002,'','yes','yes','ok'),
(000904,000091,'Ardiente, Kzyl U.','1097','14420','billing','cash','','2019-01-28 08:01:39',302002,'','yes','yes','ok'),
(000905,000007,'Visitacion, Gino ','1078','16000','billing','cash','','2019-01-28 20:36:09',104001,'','yes','yes','ok'),
(000906,000115,'Caipang Jr., Alessandro A.','1091','3960','billing','cash','','2019-02-01 18:21:53',206003,'','yes','yes','ok'),
(000907,000106,'Matsuoka, Kana ','1139','7051.84','billing','cash','','2019-02-03 08:35:36',307006,'P7100.00','yes','yes','ok'),
(000908,000104,'Salalila, Benedicto Cruz','1147','21000','billing','cash','','2019-02-05 17:13:51',221004,'','yes','yes','ok'),
(000909,000094,', Maranaha Convenience Store ','1143','520','billing','cash','','2000-10-07 13:43:56',002202,'','yes','yes','ok'),
(000910,000056,', Maranatha Eatery ','1142','10200','billing','cheque','300639','2000-10-07 13:47:22',002201,'','yes','yes','ok'),
(000911,000067,'Mayol, Loveleny ','1135','8528.43','billing','cheque','7288128','2019-02-08 16:02:17',221986,'Room 303','yes','yes','ok'),
(000912,000067,'Mayol, Loveleny ','11148','37500','billing','cash','','2019-02-08 16:04:46',221986,'Unit H2, Env no. 1148','yes','yes','ok'),
(000913,000078,'Benenoso, Khem Q.','1125','8170','billing','cash','','2019-02-09 10:01:56',203002,'','yes','yes','ok'),
(000914,000109,'Gallego, Rami H.','1132','8000','billing','cash','','2019-02-09 10:09:32',300003,'','yes','yes','ok'),
(000915,000067,'Mayol, Loveleny ','1178','10308.66','billing','cash','','2019-02-09 10:34:00',221986,'AHGS utilities and laundry','yes','yes','ok'),
(000916,000110,'Orozco, Lovender ','1130','8000','billing','cash','','2019-02-09 15:10:35',208006,'','yes','yes','ok'),
(000917,000067,'Mayol, Loveleny ','1140','7400','billing','cash','','2019-02-11 09:03:34',221986,'','yes','yes','ok'),
(000918,000067,'Mayol, Loveleny ','1113','8000','billing','cash','','2019-02-11 09:05:25',221986,'','yes','yes','ok'),
(000919,000067,'Mayol, Loveleny ','1131','7670','billing','cash','','2019-02-11 09:07:12',221986,'','yes','yes','ok'),
(000920,000108,'Nueva, Jetterson T.','1119','16000','billing','cash','','2019-02-11 10:21:41',107005,'','yes','yes','ok'),
(000921,000097,'Tiu, Jurine D.','1112','10000','billing','cash','','2019-02-12 14:13:47',100003,'','yes','yes','ok'),
(000922,000116,'Bersabe, Emerjane ','1120','2000','billing','cash','','2019-02-12 14:45:00',108003,'','yes','yes','ok'),
(000923,000084,'Estilo, Leah ','1122','7700','billing','cash','','2019-02-14 09:01:02',200004,'','yes','yes','ok'),
(000924,000111,'Nagamori, Keisuke ','1121','8200','billing','cash','','2019-02-14 09:02:29',109005,'','yes','yes','ok'),
(000925,000085,'Barsobia, Rosemary ','1124','9420','billing','cash','','2019-02-14 09:19:47',202003,'','yes','yes','ok'),
(000926,000086,'Gamutan, Joy Capilitan ','205','8459.02','billing','cheque','3996360','2019-02-14 16:56:20',205002,'','yes','yes','ok'),
(000927,000112,'Sera, Reggie Louis P.','1126','8000','billing','cash','','2019-02-14 21:11:16',204004,'','yes','yes','ok'),
(000928,000042,'Romero, Lemuel ','1146','23550','billing','cash','','2019-02-15 08:03:44',221001,'','yes','yes','ok'),
(000929,000095,', Suds ','1144','56147.54','billing','cheque','1875237','2019-02-15 13:31:49',002001,'','yes','yes','ok'),
(000930,000093,'Arangote, Shoanne Marie ','1136','8040','billing','cash','','2019-02-15 15:53:48',304004,'','yes','yes','ok'),
(000931,000019,'Colinares, Francisco IV  ','1129','7500','billing','cash','','2019-02-15 20:38:37',207001,'','yes','yes','ok'),
(000932,000009,'Escudero, Brando Hilary  H.','1118','9590','billing','cash','','2019-02-15 22:27:52',106001,'','yes','yes','ok'),
(000933,000005,'Ho, Michael ','1114','8450','billing','cash','','2019-02-15 23:12:29',102001,'','yes','yes','ok'),
(000934,000026,'Maido, Maribel ','1137','6600','billing','cash','','2019-02-16 15:24:30',305001,'','yes','yes','ok'),
(000935,000090,'Arguelles, Michael  Q.','1133','1680','billing','cash','','2019-02-17 15:15:37',301002,'','yes','yes','ok'),
(000937,000113,'Yamaguchi, Tsubasa ','105004','8598.35','billing','cheque','220105','2019-02-18 18:14:39',105004,'Paid in cash! P8600.50','yes','yes','ok'),
(000938,000115,'Caipang Jr., Alessandro A.','1128','8350','billing','cash','','2019-02-20 16:56:13',206003,'','yes','yes','ok'),
(000939,000057,'Sierra, Carlo Ricardo M.','1141','11000','billing','cash','','2019-02-23 21:08:01',309002,'','yes','yes','ok'),
(000940,000099,'Rafols, Monica O.','1086','18000','billing','cash','','2019-02-26 23:53:22',201005,'','yes','yes','ok'),
(000941,000091,'Ardiente, Kzyl U.','1134','9070','billing','cash','','2003-08-08 20:27:22',302002,'Paid on feb. 28, 2019','yes','yes','ok'),
(000942,000007,'Visitacion, Gino ','1116','21200','billing','cash','','2003-08-09 00:53:41',104001,'Paid on 2/28/19','yes','yes','ok'),
(000943,000067,'Mayol, Loveleny ','1179','17000','billing','cash','','2003-08-09 10:57:23',221986,'Paid on 2/28/19 for room208.\r\n1 month dep, 1 month adv.','yes','yes','ok'),
(000944,000019,'Colinares, Francisco IV  ','1622','7500','billing','cash','','2019-03-04 06:25:52',207001,'','yes','yes','ok'),
(000945,000088,'Tadena, Ma. Teresa  ','1624','7570','billing','cash','','2019-03-04 07:21:05',209002,'','yes','yes','ok'),
(000946,000106,'Matsuoka, Kana ','1632','7100','billing','cash','','2019-03-04 08:53:18',307006,'','yes','yes','ok'),
(000947,000113,'Yamaguchi, Tsubasa ','105004','9001.97','billing','cheque','220105','2019-03-04 13:21:57',105004,'Cash p9050.00','yes','yes','ok'),
(000948,000104,'Salalila, Benedicto Cruz','1639','21000','billing','cash','','2019-03-04 17:37:17',221004,'','yes','yes','ok'),
(000949,000111,'Nagamori, Keisuke ','1614','8120','billing','cash','','2019-03-05 15:40:12',109005,'','yes','yes','ok'),
(000950,000097,'Tiu, Jurine D.','1605','9000','billing','cash','','2019-03-06 08:08:34',100003,'','yes','yes','ok'),
(000951,000109,'Gallego, Rami H.','1625','7500','billing','cash','','2019-03-06 10:34:26',300003,'','yes','yes','ok'),
(000952,000067,'Mayol, Loveleny ','1180','67500','billing','cheque','2405498','2019-03-09 09:12:40',221986,'I2 2 months dep & 1 month adv','yes','yes','ok'),
(000953,000086,'Gamutan, Joy Capilitan ','1620','8177.30','billing','cheque','3996371','2019-03-09 14:26:45',205002,'','yes','yes','ok'),
(000954,000005,'Ho, Michael ','1607','8500','billing','cash','','2019-03-11 20:13:41',102001,'','yes','yes','ok'),
(000955,000114,'Yokomiya, Hayato ','1606','7722','billing','cash','','2019-03-12 22:22:42',101004,'','yes','yes','ok'),
(000956,000090,'Arguelles, Michael  Q.','1626','1440','billing','cash','','2019-03-13 09:12:19',301002,'','yes','yes','ok'),
(000957,000028,'Macam, Hans Christian ','1633','7300','billing','cash','','2019-03-13 12:43:38',308001,'','yes','yes','ok'),
(000958,000095,', Suds ','1637','51660.83','billing','cheque','2004852','2019-03-13 15:13:03',002001,'','yes','yes','ok'),
(000959,000085,'Barsobia, Rosemary ','1617','9800','billing','cash','','2019-03-13 18:35:38',202003,'','yes','yes','ok'),
(000960,000084,'Estilo, Leah ','1615','7640','billing','cash','','2019-03-13 20:36:17',200004,'','yes','yes','ok'),
(000961,000116,'Bersabe, Emerjane ','1613','8500','billing','cash','','2019-03-14 07:51:42',108003,'','yes','yes','ok'),
(000962,000078,'Benenoso, Khem Q.','1618','8100','billing','cash','','2019-03-14 08:59:26',203002,'','yes','yes','ok'),
(000963,000094,', Maranaha Convenience Store ','1636','760','billing','cash','','2019-03-14 13:31:00',002202,'','yes','yes','ok'),
(000964,000056,', Maranatha Eatery ','1635','9200','billing','cheque','300746','2019-03-14 13:34:11',002201,'','yes','yes','ok'),
(000965,000067,'Mayol, Loveleny ','1181','11737.25','billing','cheque','6542279421','2019-03-15 15:36:14',221986,'','yes','yes','ok'),
(000966,000108,'Nueva, Jetterson T.','1612','11000','billing','cash','','2019-03-15 16:59:30',107005,'','yes','yes','ok'),
(000967,000042,'Romero, Lemuel ','1640','23300','billing','cash','','2019-03-15 17:28:54',221001,'','yes','yes','ok'),
(000968,000093,'Arangote, Shoanne Marie ','1629','8120','billing','cash','','2019-03-15 18:49:40',304004,'','yes','yes','ok'),
(000969,000009,'Escudero, Brando Hilary  H.','1611','10120','billing','cash','','2019-03-15 22:25:59',106001,'','yes','yes','ok'),
(000970,000112,'Sera, Reggie Louis P.','1619','8000','billing','cash','','2019-03-16 03:06:12',204004,'','yes','yes','ok'),
(000971,000092,'Utana, Jonel ','1628','8000.00','billing','cash','','2019-03-26 07:29:20',303002,'','yes','yes','ok'),
(000972,000091,'Ardiente, Kzyl U.','1627','8790','billing','cash','','2019-03-31 20:21:10',302002,'','yes','yes','ok'),
(000973,000104,'Salalila, Benedicto Cruz','1602','22000','billing','cash','','2019-04-02 18:15:10',221004,'','yes','yes','ok'),
(000974,000106,'Matsuoka, Kana ','1595','7100','billing','cash','','2019-04-03 07:04:56',307006,'','yes','yes','ok'),
(000975,000111,'Nagamori, Keisuke ','1578','8300','billing','cash','','2019-04-03 09:48:39',109005,'','yes','yes','ok'),
(000976,000117,'Nakahira, Yuto ','1597','1080','billing','cash','','2019-04-04 11:31:27',309003,'','yes','yes','ok'),
(000977,000097,'Tiu, Jurine D.','1571','7000','billing','cash','','2019-04-05 18:18:14',100003,'','yes','yes','ok'),
(000978,000088,'Tadena, Ma. Teresa  ','1587','8270','billing','cash','','2019-04-07 07:23:52',209002,'','yes','yes','ok'),
(000979,000109,'Gallego, Rami H.','1588','8000','billing','cash','','2019-04-07 20:28:29',300003,'','yes','yes','ok'),
(000980,000116,'Bersabe, Emerjane ','1577','9000','billing','cash','','2019-04-09 13:18:42',108003,'','yes','yes','ok'),
(000981,000019,'Colinares, Francisco IV  ','1586','7500','billing','cash','','2019-04-11 06:33:30',207001,'','yes','yes','ok'),
(000982,000092,'Utana, Jonel ','1591','7710.50','billing','cash','','2019-04-11 22:09:54',303002,'Cash p7,711.00','yes','yes','not_ok'),
(000983,000114,'Yokomiya, Hayato ','1572','8000.00','billing','cash','','2019-04-11 22:11:13',101004,'','yes','yes','ok'),
(000984,000095,', Suds ','1600','49723.60','billing','cheque','2004872','2019-04-12 14:39:15',002001,'','yes','yes','ok'),
(000985,000028,'Macam, Hans Christian ','1596','7520','billing','cash','','2019-04-13 02:11:00',308001,'','yes','yes','ok'),
(000986,000078,'Benenoso, Khem Q.','1582','8120','billing','cash','','2019-04-13 08:32:31',203002,'','yes','yes','ok'),
(000987,000108,'Nueva, Jetterson T.','1575','11000','billing','cash','','2019-04-14 13:37:44',107005,'','yes','yes','ok'),
(000988,000086,'Gamutan, Joy Capilitan ','1584','8473.70','billing','cheque','3996391','2019-04-14 22:05:15',205002,'','yes','yes','ok'),
(000989,000076,'Liza, Rogin ','1594','8000','billing','cash','','2019-04-15 09:00:18',306001,'','yes','yes','ok'),
(000990,000112,'Sera, Reggie Louis P.','1583','7500','billing','cash','','2019-04-15 13:43:25',204004,'','yes','yes','ok'),
(000991,000067,'Mayol, Loveleny ','1188','3500','billing','cash','','2019-04-15 19:07:03',221986,'For g2 mahalia','yes','yes','ok'),
(000992,000085,'Barsobia, Rosemary ','1581','10400','billing','cash','','2019-04-15 20:06:55',202003,'','yes','yes','ok'),
(000993,000042,'Romero, Lemuel ','1603','24200','billing','cash','','2019-04-15 21:18:28',221001,'','yes','yes','ok'),
(000994,000090,'Arguelles, Michael  Q.','1589','1940','billing','cash','','2019-04-16 08:40:30',301002,'','yes','yes','ok'),
(000995,000067,'Mayol, Loveleny ','1184','16500','billing','cash','','2019-04-16 08:53:02',221986,'AHGS unit G1, p16500/mth  for 3 months.','yes','yes','ok'),
(000996,000067,'Mayol, Loveleny ','1183','22800','billing','cash','','2019-04-16 08:54:17',221986,'107 marvin dayaganon 3months','yes','yes','ok'),
(000997,000094,', Maranaha Convenience Store ','1599','570','billing','cash','','2019-04-16 14:40:48',002202,'','yes','yes','ok'),
(000998,000056,', Maranatha Eatery ','1598','9700','billing','cheque','300836','2019-04-16 14:43:32',002201,'','yes','yes','ok'),
(000999,000005,'Ho, Michael ','1573','8800','billing','cash','','2019-04-16 19:55:57',102001,'','yes','yes','ok'),
(001000,000009,'Escudero, Brando Hilary  H.','1576','10720','billing','cash','','2019-04-16 23:06:09',106001,'','yes','yes','ok'),
(001001,000067,'Mayol, Loveleny ','1623','10440','billing','cheque','300835','2019-04-17 07:30:24',221986,'For 208 odessa','yes','yes','ok'),
(001002,000026,'Maido, Maribel ','1630','5000','billing','cash','','2019-04-18 11:20:15',305001,'','yes','yes','ok'),
(001003,000067,'Mayol, Loveleny ','1185','17100','billing','cash','','2019-04-22 16:14:07',221986,'AHGS Unit F2 (4/21-5/20) p18k, w/hold tax','yes','yes','ok'),
(001004,000115,'Caipang Jr., Alessandro A.','1585','19400','billing','cash','','2019-04-24 10:22:02',206003,'','yes','yes','ok'),
(001005,000067,'Mayol, Loveleny ','1186','23000','billing','cash','','2019-04-27 18:20:03',221986,'105 Zhang Wei 3months','yes','yes','ok'),
(001006,000093,'Arangote, Shoanne Marie ','1592','8650','billing','cash','','2019-04-28 18:31:11',304004,'','yes','yes','ok'),
(001007,000091,'Ardiente, Kzyl U.','1590','8900','billing','cash','','2019-04-30 20:27:10',302002,'','yes','yes','ok'),
(001008,000067,'Mayol, Loveleny ','1187','21600','billing','cash','','2019-05-03 14:23:19',221986,'201 Zheng weis friend. 3 months payment. ','yes','yes','ok'),
(001009,000088,'Tadena, Ma. Teresa  ','ll68','9300','billing','cash','','2019-05-05 08:45:57',209002,'','yes','yes','ok'),
(001010,000117,'Nakahira, Yuto ','l1178','8100','billing','cash','','2019-05-06 16:17:32',309003,'','yes','yes','ok'),
(001011,000104,'Salalila, Benedicto Cruz','l1182','22500','billing','cash','','2019-05-06 18:25:31',221004,'','yes','yes','ok'),
(001012,000106,'Matsuoka, Kana ','L1176','7500','billing','cash','','2019-05-06 19:16:51',307006,'','yes','yes','ok'),
(001013,000094,', Maranaha Convenience Store ','1180','500','billing','cheque','304455','2019-05-08 10:35:13',002202,'','yes','yes','ok'),
(001014,000056,', Maranatha Eatery ','1179','8000','billing','cheque','304454','2019-05-08 10:38:13',002201,'','yes','yes','ok'),
(001015,000019,'Colinares, Francisco IV  ','L1166','8000','billing','cash','','2019-05-08 18:06:18',207001,'','yes','yes','ok'),
(001016,000109,'Gallego, Rami H.','l1169','10520','billing','cash','','2019-05-09 09:47:07',300003,'','yes','yes','ok'),
(001017,000108,'Nueva, Jetterson T.','L1154','11000','billing','cash','','2019-05-11 08:51:44',107005,'','yes','yes','ok'),
(001018,000097,'Tiu, Jurine D.','l1111','10000','billing','cash','','2019-05-11 09:34:26',100003,'','yes','yes','ok'),
(001019,000111,'Nagamori, Keisuke ','L1159','8300','billing','cash','','2019-05-11 10:03:38',109005,'','yes','yes','ok'),
(001020,000095,', Suds ','L1181','45097.80','billing','cheque','2004894','2019-05-11 16:21:13',002001,'','yes','yes','ok'),
(001021,000028,'Macam, Hans Christian ','L1177','7550','billing','cash','','2019-05-14 08:29:13',308001,'','yes','yes','ok'),
(001022,000116,'Bersabe, Emerjane ','l1158','9000','billing','cash','','2019-05-14 17:21:29',108003,'','yes','yes','ok'),
(001023,000042,'Romero, Lemuel ','L1183','23700','billing','cash','','2019-05-14 18:57:01',221001,'','yes','yes','ok'),
(001024,000078,'Benenoso, Khem Q.','L1162','8050','billing','cash','','2019-05-14 19:40:31',203002,'','yes','yes','ok'),
(001025,000121,'Iwayan, Odessa Faith ','L1167','9700','billing','cash','','2019-05-15 10:47:23',208007,'','yes','yes','ok'),
(001026,000085,'Barsobia, Rosemary ','L1161','9220','billing','cash','','2019-05-15 12:43:26',202003,'','yes','yes','ok'),
(001027,000086,'Gamutan, Joy Capilitan ','L1164','8451.60','billing','cheque','4015360','2019-05-15 17:05:11',205002,'','yes','yes','ok'),
(001028,000005,'Ho, Michael ','L1152','9100','billing','cash','','2019-05-15 19:12:44',102001,'','yes','yes','ok'),
(001029,000092,'Utana, Jonel ','L1172','9000.00','billing','cash','','2019-05-15 22:06:12',303002,'','yes','yes','ok'),
(001030,000114,'Yokomiya, Hayato ','L1151','7850.00','billing','cash','','2019-05-15 22:10:08',101004,'','yes','yes','ok'),
(001031,000112,'Sera, Reggie Louis P.','L1163','8000','billing','cash','','2019-05-16 02:23:23',204004,'','yes','yes','ok'),
(001032,000009,'Escudero, Brando Hilary  H.','l1156','11000','billing','cash','','2019-05-16 07:07:58',106001,'','yes','yes','ok'),
(001033,000026,'Maido, Maribel ','1593','5000','billing','cash','','2019-05-16 07:36:51',305001,'','yes','yes','ok'),
(001034,000067,'Mayol, Loveleny ','1188','30460.05','billing','cheque','6542283455','2019-05-16 09:21:06',221986,'','yes','yes','ok'),
(001035,000093,'Arangote, Shoanne Marie ','L1173','8020','billing','cash','','2019-05-16 18:32:10',304004,'','yes','yes','ok'),
(001036,000122,'Caday, Mahogany Ritz ','L1160','1140','billing','cash','','2019-05-16 20:31:04',200005,'','yes','yes','ok'),
(001037,000090,'Arguelles, Michael  Q.','L1170','8800','billing','cheque','173668292','2019-05-16 20:34:09',301002,'','yes','yes','ok'),
(001038,000067,'Mayol, Loveleny ','1189','500','billing','cash','','2019-05-17 08:17:37',221986,'','yes','yes','ok'),
(001039,000067,'Mayol, Loveleny ','1190','43000','billing','cash','','2019-05-18 16:55:29',221986,'','yes','yes','ok'),
(001040,000123,'Zhang , Wei ','l1155','1000','billing','cash','','2019-05-20 13:36:45',105005,'','yes','yes','ok'),
(001041,000067,'Mayol, Loveleny ','1191','8300','billing','cash','','2019-05-20 15:22:15',221986,'','yes','yes','ok'),
(001042,000118,'Dayaganon, Marvin Rey P.','L1157','5000','billing','cash','','2019-05-21 17:58:21',107006,'','yes','yes','ok'),
(001043,000115,'Caipang Jr., Alessandro A.','L1165','10540','billing','cash','','2019-05-30 12:40:55',206003,'','yes','yes','ok'),
(001044,000091,'Ardiente, Kzyl U.','L1171','9050','billing','cash','','2019-05-31 20:41:05',302002,'','yes','yes','ok'),
(001045,000067,'Mayol, Loveleny ','1192','3003','billing','cash','','2019-06-01 10:26:16',221986,'Payment of checkout 301 Michael Arguelles','yes','yes','ok'),
(001046,000067,'Mayol, Loveleny ','1193','14250','billing','cheque','6542283525','2019-06-01 10:28:53',221986,'AHGS 6/1-6/15 p1k/day for unit B2','yes','yes','ok'),
(001047,000067,'Mayol, Loveleny ','1194','4450','billing','cash','','2019-06-03 14:45:01',221986,'For G2 checked out Mahalia','yes','yes','ok'),
(001048,000019,'Colinares, Francisco IV  ','L1202','8000','billing','cash','','2019-06-05 07:43:51',207001,'','yes','yes','ok'),
(001049,000104,'Salalila, Benedicto Cruz','l1217','23000','billing','cash','','2019-06-05 15:01:17',221004,'','yes','yes','ok'),
(001050,000111,'Nagamori, Keisuke ','L1194','10000','billing','cash','','2019-06-05 15:10:38',109005,'','yes','yes','ok'),
(001051,000106,'Matsuoka, Kana ','L1212','8500','billing','cash','','2019-06-05 18:30:49',307006,'','yes','yes','ok'),
(001052,000088,'Tadena, Ma. Teresa  ','L1204','11200','billing','cash','','2019-06-07 11:33:59',209002,'Received p12,200.00','yes','yes','ok'),
(001053,000067,'Mayol, Loveleny ','1195','22800','billing','cheque','2758794','2019-06-08 10:26:09',221986,'Arnelio Caguiat, Rm 103, 2mths p15,200 & 1mth p7,600','yes','yes','ok'),
(001055,000056,', Maranatha Eatery ','l1215','10000','billing','cheque','304555','2019-06-10 13:59:18',002201,'','yes','yes','ok'),
(001056,000094,', Maranaha Convenience Store ','l1216','700','billing','cash','','2019-06-10 14:01:24',002202,'','yes','yes','ok'),
(001057,000067,'Mayol, Loveleny ','1196','82000','billing','cheque','53819','2019-06-10 15:35:23',221986,'Taka Hari F2 & G2 6/27/19 adv & dep ','yes','yes','ok'),
(001058,000117,'Nakahira, Yuto ','l1214','8600','billing','cash','','2019-06-10 15:56:43',309003,'','yes','yes','ok'),
(001059,000067,'Mayol, Loveleny ','1197','17600','billing','cash','','2019-06-11 09:05:24',221986,'Room 105 short term','yes','yes','ok'),
(001060,000109,'Gallego, Rami H.','L1205','10000','billing','cash','','2019-06-11 22:21:42',300003,'','yes','yes','ok'),
(001061,000028,'Macam, Hans Christian ','L1213','9050','billing','cash','','2019-06-12 07:47:50',308001,'','yes','yes','ok'),
(001062,000116,'Bersabe, Emerjane ','l1193','10000','billing','cash','','2019-06-12 09:06:25',108003,'','yes','yes','ok'),
(001063,000078,'Benenoso, Khem Q.','L1198','9000','billing','cash','','2019-06-12 09:21:07',203002,'','yes','yes','ok'),
(001064,000115,'Caipang Jr., Alessandro A.','L1201','12150','billing','cash','','2019-06-13 13:37:17',206003,'','yes','yes','ok'),
(001069,000067,'Mayol, Loveleny ','l1218','25000','billing','cash','','2019-06-14 16:14:09',221986,'Unit F1','yes','yes','ok'),
(001071,000067,'Mayol, Loveleny ','l1220','59555.85','billing','cheque','2004915','2019-06-14 16:18:49',221986,'','yes','yes','ok'),
(001079,000085,'Barsobia, Rosemary ','L1197','10900','billing','cash','','2019-06-15 06:20:54',202003,'','yes','yes','ok'),
(001080,000026,'Maido, Maribel ','l1174','7000','billing','cash','','2019-06-15 16:26:07',305001,'','yes','yes','ok'),
(001081,000122,'Caday, Mahogany Ritz ','L1195','2620','billing','cash','','2019-06-15 19:53:55',200005,'','yes','yes','ok'),
(001082,000125,'Orlanda, Khris ','L1206','300','billing','cash','','2019-06-15 20:09:05',301003,'','yes','yes','ok'),
(001083,000114,'Yokomiya, Hayato ','L1188','8620.00','billing','cash','','2019-06-15 21:47:16',101004,'','yes','yes','ok'),
(001084,000092,'Utana, Jonel ','L1208','9000.00','billing','cash','','2019-06-15 21:48:41',303002,'','yes','yes','ok'),
(001085,000067,'Mayol, Loveleny ','l1189','9320','billing','cash','','2019-06-17 08:58:45',221986,'Room 102 Michael Ho','yes','yes','ok'),
(001086,000009,'Escudero, Brando Hilary  H.','L1191','12540','billing','cash','','2019-06-17 21:41:36',106001,'','yes','yes','ok'),
(001087,000067,'Mayol, Loveleny ','1198','22200','billing','cash','','2019-06-18 08:26:23',221986,'Jeffrey Rm 208, 1mth p7,400 & 2mths p14,800','yes','yes','ok'),
(001088,000097,'Tiu, Jurine D.','L1187','8000','billing','cash','','2019-06-18 16:44:32',100003,'','yes','yes','ok'),
(001089,000124,'Xu, Kun Yan ','L1196','7850','billing','cash','','2019-06-19 15:07:41',201006,'','yes','yes','ok'),
(001090,000067,'Mayol, Loveleny ','1199','23000','billing','cash','','2019-06-21 14:19:32',221986,'Elisha room 101, 2mths dep, 1mth adv p7600','yes','yes','ok'),
(001091,000091,'Ardiente, Kzyl U.','L1207','9750','billing','cash','','2019-06-30 22:48:57',302002,'','yes','yes','ok'),
(001092,000104,'Salalila, Benedicto Cruz','l1252','23000','billing','cash','','2019-07-03 18:56:59',221004,'','yes','yes','ok'),
(001093,000106,'Matsuoka, Kana ','L1246','8000','billing','cash','','2019-07-04 17:44:00',307006,'','yes','yes','ok'),
(001094,000067,'Mayol, Loveleny ','l1229','720','billing','cash','','2019-07-05 08:45:45',221986,'Unit C2 Jeremie','yes','yes','ok'),
(001095,000019,'Colinares, Francisco IV  ','L1237','8000','billing','cash','','2019-07-06 07:05:00',207001,'','yes','yes','ok'),
(001096,000127,'Barbosa, Elisha James L.','L1222','1500','billing','cash','','2019-07-06 14:50:50',101005,'','yes','yes','ok'),
(001097,000123,'Zhang , Wei ','l1224','20000','billing','cash','','2019-07-06 15:12:36',105005,'','yes','yes','ok'),
(001098,000078,'Benenoso, Khem Q.','L1233','8700','billing','cash','','2019-07-07 08:32:49',203002,'','yes','yes','ok'),
(001099,000124,'Xu, Kun Yan ','L1231','7151.47','billing','cash','','2019-07-09 13:02:20',201006,'P7,152.00','yes','yes','ok'),
(001100,000056,', Maranatha Eatery ','L1249','9000','billing','cheque','304626','2019-07-09 14:07:57',002201,'P9,100.00','yes','yes','ok'),
(001101,000094,', Maranaha Convenience Store ','L1250','600','billing','cash','','2019-07-09 14:13:21',002202,'','yes','yes','ok'),
(001102,000067,'Mayol, Loveleny ','1201','21072.22','billing','cheque','6542298723','2019-07-09 16:29:17',221986,'AHGS jun utilities','yes','yes','ok'),
(001103,000067,'Mayol, Loveleny ','1200','2625','billing','cheque','6542298722','2019-07-09 16:30:55',221986,'Refund excess w/hold tax unit f2, e2 and g1','yes','yes','ok'),
(001104,000093,'Arangote, Shoanne Marie ','L1209','8000','billing','cash','','2019-07-10 11:38:20',304004,'','yes','yes','ok'),
(001105,000097,'Tiu, Jurine D.','L1221','10000','billing','cash','','2019-07-10 16:39:27',100003,'','yes','yes','ok'),
(001106,000116,'Bersabe, Emerjane ','l1228','9600','billing','cash','','2019-07-10 17:14:10',108003,'','yes','yes','ok'),
(001107,000088,'Tadena, Ma. Teresa  ','l1238','9340','billing','cash','','2019-07-12 09:56:49',209002,'','yes','yes','ok'),
(001108,000109,'Gallego, Rami H.','l1239','1300','billing','cash','','2019-07-12 16:35:09',300003,'P10,300.00','yes','yes','not_ok'),
(001109,000042,'Romero, Lemuel ','L1253','24000','billing','cash','','2019-07-12 17:54:24',221001,'','yes','yes','ok'),
(001110,000067,'Mayol, Loveleny ','l1247','8550','billing','cash','','2019-07-13 16:06:56',221986,'Room 308 Hans Christian ','yes','yes','ok'),
(001111,000117,'Nakahira, Yuto ','l1248','9100','billing','cash','','2019-07-13 16:17:13',309003,'','yes','yes','ok'),
(001112,000067,'Mayol, Loveleny ','l1236','11620','billing','cash','','2019-07-15 08:45:01',221986,'Room 206 Alessandro','yes','yes','ok'),
(001113,000067,'Mayol, Loveleny ','L1225','8150','billing','cash','','2019-07-15 09:55:47',221986,'Room 105 Paulo Jusay','yes','yes','ok'),
(001116,000118,'Dayaganon, Marvin Rey P.','L1192','17300','billing','cash','','2019-07-15 12:32:13',107006,'','yes','yes','ok'),
(001119,000086,'Gamutan, Joy Capilitan ','L1235','9531.49','billing','cheque','4015304','2019-07-15 13:28:26',205002,'','yes','yes','ok'),
(001124,000095,', Suds ','l1251','59066.23','billing','cheque','2004936','2019-07-15 14:15:53',002001,'','yes','yes','ok'),
(001125,000085,'Barsobia, Rosemary ','L1232','10500','billing','cash','','2019-07-15 16:26:58',202003,'','yes','yes','ok'),
(001126,000129,' Mirandilla, Jeffrey  ','L1203','3840','billing','cash','','2019-07-15 19:09:35',208009,'','yes','yes','ok'),
(001127,000092,'Utana, Jonel ','L1242','9000.00','billing','cash','','2019-07-15 21:47:48',303002,'','yes','yes','ok'),
(001128,000122,'Caday, Mahogany Ritz ','l1230','2140.20','billing','cash','','2019-07-16 01:12:26',200005,'P2,640.25 ','yes','yes','not_ok'),
(001129,000009,'Escudero, Brando Hilary  H.','L1226','11720','billing','cash','','2019-07-16 06:57:37',106001,'','yes','yes','ok'),
(001130,000026,'Maido, Maribel ','L1244','19659','billing','cash','','2019-07-16 09:16:09',305001,'','yes','yes','ok'),
(001131,000067,'Mayol, Loveleny ','1202','10800','billing','cash','','2019-07-16 11:32:23',221986,'Taka hari unit E2 for 9 nights ','yes','yes','ok'),
(001132,000093,'Arangote, Shoanne Marie ','L1243','8240','billing','cash','','2019-07-16 18:03:07',304004,'','yes','yes','ok'),
(001133,000005,'Ho, Michael ','L1223','9045','billing','cash','','2019-07-16 19:46:44',102001,'','yes','yes','ok'),
(001134,000112,'Sera, Reggie Louis P.','L1234','8000','billing','cash','','2019-07-17 13:53:46',204004,'','yes','yes','ok'),
(001135,000067,'Mayol, Loveleny ','1204','4800','billing','cash','','2019-07-18 11:16:44',221986,'Security deposit for Taka Hari from 7/20, 9 nights.','yes','yes','ok'),
(001136,000126,'Caguiat , Arnelio  Dela Cruz ','l1153','4700.00','billing','cash','','2019-07-19 12:22:48',103002,'','yes','yes','ok'),
(001137,000067,'Mayol, Loveleny ','1205','4800','billing','cash','','2019-07-26 15:38:53',221986,'Deposit for Taka Hari, 2 units ','yes','yes','ok'),
(001138,000091,'Ardiente, Kzyl U.','L1241','9220','billing','cash','','2019-07-31 20:40:07',302002,'','yes','yes','ok'),
(001139,000106,'Matsuoka, Kana ','L1280','7000','billing','cash','','2019-08-02 16:00:01',307006,'','yes','yes','ok'),
(001140,000067,'Mayol, Loveleny ','1206','23400','billing','cash','','2019-08-03 13:33:02',221986,'','yes','yes','ok'),
(001141,000067,'Mayol, Loveleny ','1207','23400','billing','cash','','2019-08-03 13:34:09',221986,'','yes','yes','ok'),
(001142,000028,'Macam, Hans Christian ','L1281','7800','billing','cash','','2019-08-05 22:02:00',308001,'','yes','yes','ok'),
(001143,000067,'Mayol, Loveleny ','1208','22000','billing','cash','','2019-08-06 11:42:41',221986,'','yes','yes','ok'),
(001144,000104,'Salalila, Benedicto Cruz','l1286','22000','billing','cash','','2019-08-07 18:12:04',221004,'','yes','yes','ok'),
(001145,000067,'Mayol, Loveleny ','1209','17100','billing','cheque','6542304573','2019-08-08 16:23:03',221986,'AHGS for 9 nights2 units, p1000/night less 5%w/hold tax','yes','yes','ok'),
(001146,000129,' Mirandilla, Jeffrey  ','l1271','7750','billing','cash','','2019-08-08 19:45:39',208009,'','yes','yes','ok'),
(001147,000109,'Gallego, Rami H.','l1273','9550','billing','cash','','2019-08-09 01:37:28',300003,'','yes','yes','ok'),
(001148,000127,'Barbosa, Elisha James L.','L1256','8800','billing','cash','','2019-08-10 07:45:52',101005,'','yes','yes','ok'),
(001149,000056,', Maranatha Eatery ','l1283','9500','billing','cheque','306768','2019-08-10 09:45:42',002201,'','yes','yes','ok'),
(001150,000094,', Maranaha Convenience Store ','L1284','550','billing','cash','','2019-08-10 09:48:09',002202,'','yes','yes','ok'),
(001151,000116,'Bersabe, Emerjane ','l1262','9200','billing','cash','','2019-08-13 19:53:33',108003,'','yes','yes','ok'),
(001152,000019,'Colinares, Francisco IV  ','L1270','7700','billing','cash','','2019-08-14 06:31:00',207001,'','yes','yes','ok'),
(001153,000042,'Romero, Lemuel ','L1287','24300','billing','cash','','2019-08-14 20:06:15',221001,'','yes','yes','ok'),
(001154,000085,'Barsobia, Rosemary ','L1265','10300','billing','cash','','2019-08-14 20:16:04',202003,'','yes','yes','ok'),
(001155,000078,'Benenoso, Khem Q.','L1266','9000','billing','cash','','2019-08-15 08:45:04',203002,'','yes','yes','ok'),
(001156,000117,'Nakahira, Yuto ','l1282','8000','billing','cash','','2019-08-15 13:39:45',309003,'','yes','yes','ok'),
(001157,000095,', Suds ','l1285','53847.40','billing','cheque','2004953','2019-08-15 16:54:42',002001,'','yes','yes','ok'),
(001158,000067,'Mayol, Loveleny ','1210','22903','billing','cash','','2019-08-15 18:41:10',221986,'','yes','yes','ok'),
(001159,000067,'Mayol, Loveleny ','lL1211','23861','billing','cash','','2019-08-15 18:42:52',221986,'','yes','yes','ok'),
(001160,000126,'Caguiat , Arnelio  Dela Cruz ','l1258','8500.00','billing','cash','','2019-08-15 19:40:45',103002,'','yes','yes','ok'),
(001161,000092,'Utana, Jonel ','l1276','7500.00','billing','cash','','2019-08-15 21:55:00',303002,'','yes','yes','ok'),
(001162,000112,'Sera, Reggie Louis P.','L1267','7620','billing','cash','','2019-08-16 12:32:08',204004,'','yes','yes','ok'),
(001163,000067,'Mayol, Loveleny ','A1212','22000','billing','cash','','2019-08-16 16:10:09',221986,'','yes','yes','ok'),
(001164,000097,'Tiu, Jurine D.','l1255','10000','billing','cash','','2019-08-16 16:40:52',100003,'','yes','yes','ok'),
(001165,000093,'Arangote, Shoanne Marie ','L1277','7840','billing','cash','','2019-08-16 18:19:50',304004,'','yes','yes','ok'),
(001166,000005,'Ho, Michael ','L1257','8780','billing','cash','','2019-08-16 18:36:20',102001,'','yes','yes','ok'),
(001167,000088,'Tadena, Ma. Teresa  ','L1272','7760','billing','cash','','2019-08-16 20:07:48',209002,'','yes','yes','ok'),
(001168,000067,'Mayol, Loveleny ','A1213','9457.95','billing','cheque','6542304589','2019-08-17 08:43:27',221986,'AHGS August bill','yes','yes','ok'),
(001169,000122,'Caday, Mahogany ','l1274','1456.35','billing','cash','','2019-08-17 09:16:37',301004,'P1,500.00','yes','yes','ok'),
(001170,000086,'Gamutan, Joy Capilitan ','l1268','9072.22','billing','cheque','4015313','2019-08-17 14:28:13',205002,'','yes','yes','ok'),
(001171,000067,'Mayol, Loveleny ','A1214','20500','billing','cash','','2019-08-23 10:28:21',221986,'','yes','yes','ok'),
(001177,000091,'Ardiente, Kzyl U.','L1275','9220','billing','cash','','2019-08-31 20:52:05',302002,'','yes','yes','ok'),
(001178,000106,'Matsuoka, Kana ','1317','8000','billing','cash','','2019-09-05 04:58:19',307006,'','yes','yes','ok'),
(001179,000028,'Macam, Hans Christian ','1318','8000','billing','cash','','2019-09-05 08:44:08',308001,'','yes','yes','ok'),
(001180,000067,'Mayol, Loveleny ','A1215','20400','billing','cash','','2019-09-05 09:15:16',221986,'Room 301 Jeric, p6800/mthly','yes','yes','ok'),
(001181,000104,'Salalila, Benedicto Cruz','1324','22500','billing','cash','','2019-09-05 17:39:54',221004,'','yes','yes','ok'),
(001182,000109,'Gallego, Rami H.','l1310','11000','billing','cash','','2019-09-05 20:32:24',300003,'','yes','yes','ok'),
(001183,000019,'Colinares, Francisco IV  ','L1307','8000','billing','cash','','2019-09-06 06:28:55',207001,'','yes','yes','ok'),
(001184,000127,'Barbosa, Elisha James L.','1330','9050','billing','cash','','2019-09-07 11:27:29',101005,'','yes','yes','ok'),
(001185,000129,' Mirandilla, Jeffrey  ','1308','7800','billing','cash','','2019-09-08 18:43:47',208009,'','yes','yes','ok'),
(001186,000097,'Tiu, Jurine D.','1329','10000','billing','cash','','2019-09-09 10:00:51',100003,'','yes','yes','ok'),
(001187,000117,'Nakahira, Yuto ','1319','7000','billing','cash','','2019-09-11 17:03:35',309003,'','yes','yes','ok'),
(001188,000118,'Dayaganon, Marvin Rey P.','L1227','8000','billing','cash','','2019-09-12 19:38:14',107006,'','yes','yes','ok'),
(001189,000067,'Mayol, Loveleny ','A1216','9498','billing','cheque','6542302897','2019-09-13 08:32:25',221986,'AHGS August utilities ','yes','yes','ok'),
(001190,000042,'Romero, Lemuel ','1325','23500','billing','cash','','2019-09-13 17:38:41',221001,'','yes','yes','ok'),
(001191,000132,'Acedillo, Rhody Lou A.','1301','9700','billing','cash','','2019-09-13 18:46:00',200006,'','yes','yes','ok'),
(001192,000116,'Bersabe, Emerjane ','1299','10000','billing','cash','','2019-09-13 20:33:46',108003,'','yes','yes','ok'),
(001193,000078,'Benenoso, Khem Q.','L1303','8620','billing','cash','','2019-09-14 09:22:02',203002,'','yes','yes','ok'),
(001194,000095,', Suds ','1322','58486.65','billing','cheque','2004973','2019-09-14 13:57:18',002001,'','yes','yes','ok'),
(001195,000085,'Barsobia, Rosemary ','1302','11000','billing','cash','','2019-09-14 22:38:17',202003,'','yes','yes','ok'),
(001196,000086,'Gamutan, Joy Capilitan ','1305','8853.60','billing','cheque','4015326','2019-09-15 02:49:53',205002,'','yes','yes','ok'),
(001197,000092,'Utana, Jonel ','1313','8500.00','billing','cash','','2019-09-15 21:52:35',303002,'','yes','yes','ok'),
(001198,000112,'Sera, Reggie Louis P.','1304','8000','billing','cash','','2019-09-16 01:21:16',204004,'','yes','yes','ok'),
(001199,000094,', Maranaha Convenience Store ','1321','600','billing','cash','','2019-09-16 09:46:41',002202,'','yes','yes','ok'),
(001200,000056,', Maranatha Eatery ','1320','13000','billing','cheque','306865','2019-09-16 09:48:48',002201,'','yes','yes','ok'),
(001201,000131,'Estraza, Jenez ','1296','9000','billing','cash','','2019-09-16 15:27:59',104003,'','yes','yes','ok'),
(001202,000133,'Valeria, Jacky Wennelyn ','L1264','5500','billing','cash','','2019-09-16 15:55:31',201007,'','yes','yes','ok'),
(001203,000130,'Estraza, Ma. ','1260','7620','billing','cash','','2019-09-16 16:30:07',106002,'','yes','yes','ok'),
(001204,000093,'Arangote, Shoanne Marie ','1314','8190','billing','cash','','2019-09-16 17:02:29',304004,'','yes','yes','ok'),
(001205,000118,'Dayaganon, Marvin Rey P.','L1261','8520','billing','cash','','2019-09-16 19:06:15',107006,'','yes','yes','ok'),
(001206,000005,'Ho, Michael ','1294','9000','billing','cash','','2019-09-16 19:51:58',102001,'','yes','yes','ok'),
(001207,000115,'Caipang Jr., Alessandro A.','1306','21750','billing','cash','','2019-09-17 12:10:59',206003,'','yes','yes','ok'),
(001208,000126,'Caguiat , Arnelio  Dela Cruz ','1295','8820.00','billing','cash','','2019-09-17 19:30:18',103002,'','yes','yes','ok'),
(001209,000067,'Mayol, Loveleny ','A1217','20000','billing','cash','','2019-09-19 09:25:21',221986,'Jeremie Unit B1, 9/19/19 - 10/12/19','yes','yes','ok'),
(001210,000067,'Mayol, Loveleny ','A1218','10500','billing','cash','','2019-09-21 09:47:38',221986,'','yes','yes','ok'),
(001211,000088,'Tadena, Ma. Teresa  ','1309','8120','billing','cash','','2019-09-21 11:13:33',209002,'','yes','yes','ok'),
(001212,000091,'Ardiente, Kzyl U.','1312','7950','billing','cash','','2019-09-30 20:57:13',302002,'','yes','yes','ok'),
(001213,000067,'Mayol, Loveleny ','A1219','17100','billing','cash','','2019-10-01 15:53:31',221986,'Labucay room 2, 1 mth adv and 2 mths dep','yes','yes','ok'),
(001214,000104,'Salalila, Benedicto Cruz','1363','21500','billing','cash','','2019-10-02 19:11:16',221004,'','yes','yes','ok'),
(001215,000097,'Tiu, Jurine D.','1331','10000','billing','cash','','2019-10-04 16:35:25',100003,'','yes','yes','ok'),
(001216,000078,'Benenoso, Khem Q.','L1344','9000','billing','cash','','2019-10-05 12:36:08',203002,'','yes','yes','ok'),
(001217,000127,'Barbosa, Elisha James L.','1332','9000','billing','cash','','2019-10-06 13:05:25',101005,'','yes','yes','ok'),
(001218,000106,'Matsuoka, Kana ','1356','7000','billing','cash','','2019-10-06 15:33:12',307006,'','yes','yes','ok'),
(001219,000067,'Mayol, Loveleny ','A1220','21600','billing','cash','','2019-10-09 14:22:12',221986,'Room 209jarlid','yes','yes','ok'),
(001220,000086,'Gamutan, Joy Capilitan ','1346','9286.40','billing','cheque','4015338','2019-10-09 14:49:35',205002,'','yes','yes','ok'),
(001221,000109,'Gallego, Rami H.','l1351','9800','billing','cash','','2019-10-10 10:59:16',300003,'','yes','yes','ok'),
(001222,000129,' Mirandilla, Jeffrey  ','1349','7720','billing','cash','','2019-10-11 20:05:04',208009,'No receipt attached','yes','yes','ok'),
(001223,000067,'Mayol, Loveleny ','A1221','1022','billing','cash','','2019-10-12 09:24:53',221986,'Room 201 checked out','yes','yes','ok'),
(001225,000067,'Mayol, Loveleny ','A1222','5400','billing','cash','','2019-10-12 09:31:37',221986,'4 nights @ p1350 discounted','yes','yes','ok'),
(001226,000019,'Colinares, Francisco IV  ','1348','8000','billing','cash','','2019-10-13 07:59:19',207001,'','yes','yes','ok'),
(001227,000028,'Macam, Hans Christian ','1357','8360','billing','cash','','2019-10-14 10:40:35',308001,'','yes','yes','ok'),
(001228,000128,'Zosa , Juleane  B.','1340','9000','billing','cash','','2019-10-14 16:32:55',109006,'','yes','yes','ok'),
(001229,000132,'Acedillo, Rhody Lou A.','1341','11020','billing','cash','','2019-10-14 19:37:55',200006,'','yes','yes','ok'),
(001230,000085,'Barsobia, Rosemary ','1343','10420','billing','cash','','2019-10-15 00:28:44',202003,'','yes','yes','ok'),
(001231,000067,'Mayol, Loveleny ','A1223','8554','billing','cheque','6542317351','2019-10-15 08:36:12',221986,'Ahgs utilities for sept','yes','yes','ok'),
(001232,000116,'Bersabe, Emerjane ','1339','10000','billing','cash','','2019-10-15 11:02:36',108003,'','yes','yes','ok'),
(001233,000136,'Sadaya, Jeric V.','1311','10000','billing','cash','','2019-10-15 13:14:29',301005,'','yes','yes','ok'),
(001234,000056,', Maranatha Eatery ','1359','29500','billing','cheque','310151','2019-10-15 14:43:54',002201,'','yes','yes','ok'),
(001235,000094,', Maranaha Convenience Store ','1360','7440','billing','cheque','310152','2019-10-15 14:46:09',002202,'','yes','yes','ok'),
(001236,000095,', Suds ','1361','54482.54','billing','cheque','2004993','2019-10-15 16:46:55',002001,'','yes','yes','ok'),
(001237,000095,', Suds ','1361','29400.00','billing','cheque','2004989','2019-10-15 16:51:04',002001,'Nov rental','yes','yes','ok'),
(001238,000095,', Suds ','1361','29400.00','billing','cheque','2004990','2019-10-15 16:56:54',002001,'Dec rental','yes','yes','ok'),
(001239,000005,'Ho, Michael ','1333','8650','billing','cash','','2019-10-15 17:36:22',102001,'','yes','yes','ok'),
(001240,000130,'Estraza, Ma. Shiela ','1335','10950','billing','cash','','2019-10-15 18:57:06',106002,'Payment for daughter jenz ','yes','yes','ok'),
(001241,000042,'Romero, Lemuel ','1362','24020','billing','cash','','2019-10-15 19:10:55',221001,'','yes','yes','ok'),
(001242,000092,'Utana, Jonel ','1353','9100.00','billing','cash','','2019-10-15 21:35:02',303002,'','yes','yes','ok'),
(001243,000112,'Sera, Reggie Louis P.','1345','7740','billing','cash','','2019-10-16 01:18:06',204004,'','yes','yes','ok'),
(001244,000131,'Estraza, Jenez Chelsea ','1337','9500','billing','cash','','2019-10-16 15:04:23',104003,'Payment for mother Ma. Sheila Estrada','yes','yes','ok'),
(001245,000093,'Arangote, Shoanne Marie ','1354','8250','billing','cash','','2019-10-16 16:07:41',304004,'','yes','yes','ok'),
(001246,000126,'Caguiat , Arnelio  Dela Cruz ','1334','9250.00','billing','cash','','2019-10-16 19:07:17',103002,'','yes','yes','ok'),
(001247,000067,'Mayol, Loveleny ','A1224','2750','billing','cash','','2019-10-17 14:11:46',221986,'','yes','yes','ok'),
(001248,000097,'Tiu, Jurine D.','1367','10000','billing','cash','','2019-10-21 14:54:27',100003,'','yes','yes','ok'),
(001249,000067,'Mayol, Loveleny ','A1225','20400','billing','cash','','2019-10-24 15:45:23',221986,'','yes','yes','ok'),
(001250,000115,'Caipang Jr., Alessandro A.','1347','10350','billing','cash','','2019-10-26 12:28:52',206003,'','yes','yes','ok'),
(001251,000118,'Dayaganon, Marvin Rey P.','1298','12000','billing','cash','','2019-11-01 12:12:13',107006,'','yes','yes','ok'),
(001252,000106,'Matsuoka, Kana ','1366','8000','billing','cash','','2019-11-03 19:03:03',307006,'','yes','yes','ok'),
(001253,000138,'Habla, Analyn B. ','1358','2140','billing','cash','','2019-11-05 16:10:14',309004,'','yes','yes','ok'),
(001254,000067,'Mayol, Loveleny ','a1226','3825','billing','cash','','2019-11-06 08:50:38',221986,'B1 Nov 1-4, 2019 p1275/night','yes','yes','ok'),
(001255,000019,'Colinares, Francisco IV  ','1385','7500','billing','cash','','2019-11-07 06:31:55',207001,'','yes','yes','ok'),
(001256,000094,', Maranaha Convenience Store ','1396','500','billing','cash','','2019-11-08 11:03:14',002202,'','yes','yes','ok'),
(001257,000056,', Maranatha Eatery ','1395','300','billing','cash','','2019-11-08 11:04:59',002201,'','yes','yes','ok'),
(001258,000127,'Barbosa, Elisha James L.','1368','8550','billing','cash','','2019-11-08 19:31:16',101005,'','yes','yes','ok'),
(001259,000067,'Mayol, Loveleny ','A1227','23000','billing','cash','','2019-11-09 17:14:48',221986,'Room 103 2mth dep & 1mth adv','yes','yes','ok'),
(001260,000028,'Macam, Hans Christian ','1394','7800','billing','cash','','2019-11-09 19:35:28',308001,'','yes','yes','ok'),
(001261,000129,' Mirandilla, Jeffrey  ','1386','8100','billing','cash','','2019-11-10 19:46:01',208009,'','yes','yes','ok'),
(001262,000078,'Benenoso, Khem Q.','1381','8400','billing','cash','','2019-11-12 08:32:03',203002,'','yes','yes','ok'),
(001263,000067,'Mayol, Loveleny ','A1228','21600','billing','cash','','2019-11-12 13:28:07',221986,'Room 201 2mth dep & 1mth adv','yes','yes','ok'),
(001264,000116,'Bersabe, Emerjane ','1375','10500','billing','cash','','2019-11-12 20:00:54',108003,'','yes','yes','ok'),
(001265,000067,'Mayol, Loveleny ','A1229','20442.25','billing','cash','','2019-11-13 10:48:37',221986,'I2 p23,500x2mths=47k - p26,557.71 (C1 refund) ','yes','yes','ok'),
(001266,000067,'Mayol, Loveleny ','A1230','10643.25','billing','cheque','6542317432','2019-11-14 16:19:10',221986,'Ahgs October utilities ','yes','yes','ok'),
(001267,000067,'Mayol, Loveleny ','A1231','33000','billing','cheque','6542317426','2019-11-14 16:20:45',221986,'Ahgs unit F2 2mths dep','yes','yes','ok'),
(001268,000137,'Maravilla, Jarild C.','1350','7550','billing','cash','','2019-11-14 16:29:10',209003,'','yes','yes','ok'),
(001269,000109,'Gallego, Rami H.','l1387','9500','billing','cash','','2019-11-14 20:29:27',300003,'','yes','yes','ok'),
(001270,000042,'Romero, Lemuel ','1399','24000','billing','cash','','2019-11-14 20:42:57',221001,'','yes','yes','ok'),
(001271,000085,'Barsobia, Rosemary ','1380','9920','billing','cash','','2019-11-15 06:01:18',202003,'','yes','yes','ok'),
(001272,000136,'Sadaya, Jeric V.','1388','10020','billing','cash','','2019-11-15 15:15:52',301005,'','yes','yes','ok'),
(001273,000130,'Estraza, Ma. Shiela ','1373','9370','billing','cash','','2019-11-15 16:40:17',106002,'','yes','yes','ok'),
(001274,000132,'Acedillo, Rhody Lou A.','1377','11520','billing','cash','','2019-11-15 16:54:32',200006,'','yes','yes','ok'),
(001275,000093,'Arangote, Shoanne Marie ','1391','7760','billing','cash','','2019-11-15 17:54:14',304004,'','yes','yes','ok'),
(001276,000086,'Gamutan, Joy Capilitan ','1383','8652.37','billing','cheque','4015261','2019-11-15 18:39:37',205002,'','yes','yes','ok'),
(001277,000112,'Sera, Reggie Louis P.','1382','8040','billing','cash','','2019-11-17 00:21:17',204004,'','yes','yes','ok'),
(001278,000095,', Suds ','1435','48564.06','billing','cheque','3151905','2019-11-18 08:43:04',002001,'','yes','yes','ok'),
(001279,000005,'Ho, Michael ','1369','8820','billing','cash','','2019-11-18 15:38:09',102001,'','yes','yes','ok'),
(001280,000097,'Tiu, Jurine D.','1402','10000','billing','cash','','2019-11-19 08:10:00',100003,'','yes','yes','ok'),
(001281,000091,'Ardiente, Kzyl U.','1352','10300','billing','cash','','2019-11-24 20:51:36',302002,'','yes','yes','ok'),
(001282,000115,'Caipang Jr., Alessandro A.','1384','10400','billing','cash','','2019-11-28 09:00:05',206003,'','yes','yes','ok'),
(001283,000091,'Ardiente, Kzyl U.','1389','7700','billing','cash','','2019-11-30 20:39:56',302002,'','yes','yes','ok'),
(001284,000067,'Mayol, Loveleny ','1436','2317','billing','cheque','3845107','2019-12-05 10:24:04',221986,'Alex chiong unit A1','yes','yes','ok'),
(001290,000106,'Matsuoka, Kana ','1426','8000','billing','cash','','2019-12-06 06:36:38',307006,'','yes','yes','ok'),
(001291,000028,'Macam, Hans Christian ','1427','7720','billing','cash','','2019-12-06 09:21:46',308001,'','yes','yes','ok'),
(001292,000139,'Liu, Bernadeth Kharmell ','1379','4520','billing','cash','','2019-12-07 08:30:38',201008,'','yes','yes','ok'),
(001294,000127,'Barbosa, Elisha James L.','1403','8560','billing','cash','','2019-12-10 16:53:16',101005,'','yes','yes','ok'),
(001295,000129,' Mirandilla, Jeffrey  ','1417','7800','billing','cash','','2019-12-10 20:24:05',208009,'','yes','yes','ok'),
(001296,000086,'Gamutan, Joy Capilitan ','1414','9064.95','billing','cheque','4015272','2019-12-10 22:46:27',205002,'','yes','yes','ok'),
(001297,000140,'Enriquez, Guillermo Ben Y. ','1370','7000','billing','cash','','2019-12-11 15:10:11',103003,'','yes','yes','ok'),
(001298,000019,'Colinares, Francisco IV  ','1416','7500','billing','cash','','2019-12-12 06:36:07',207001,'','yes','yes','ok'),
(001299,000116,'Bersabe, Emerjane ','1409','10000','billing','cash','','2019-12-12 15:20:56',108003,'','yes','yes','ok'),
(001300,000095,', Suds ','1431','48857.63','billing','cheque','3151930','2019-12-12 17:12:30',002001,'Nov utilities ','yes','yes','ok'),
(001301,000118,'Dayaganon, Marvin Rey P.','1408','19600','billing','cash','','2019-12-13 18:12:25',107006,'','yes','yes','ok'),
(001302,000067,'Mayol, Loveleny ','A1432','24000','billing','cash','','2019-12-13 20:24:11',221986,'F1 Sir Lemuel','yes','yes','ok'),
(001303,000005,'Ho, Michael ','1404','8500','billing','cash','','2019-12-14 11:57:14',102001,'','yes','yes','ok'),
(001304,000136,'Sadaya, Jeric V.','1420','11000','billing','cash','','2019-12-14 12:20:16',301005,'','yes','yes','ok'),
(001305,000067,'Mayol, Loveleny ','A1232','16871.18','billing','cheque','6542332408','2019-12-14 13:19:21',221986,'Ahgs nov utilities','yes','yes','ok'),
(001306,000132,'Acedillo, Rhody Lou A.','1378','10940','billing','cash','','2019-12-15 08:50:35',200006,'','yes','yes','ok'),
(001307,000078,'Benenoso, Khem Q.','L1412','9000','billing','cash','','2019-12-15 10:38:59',203002,'','yes','yes','ok'),
(001308,000137,'Maravilla, Jarild C.','1418','9400','billing','cash','','2019-12-15 11:37:34',209003,'','yes','yes','ok'),
(001309,000085,'Barsobia, Rosemary ','1411','10340','billing','cash','','2019-12-15 22:44:57',202003,'','yes','yes','ok'),
(001310,000131,'Estraza, Jenez Chelsea ','1371','10000','billing','cash','','2019-12-16 09:35:44',104003,'','yes','yes','ok'),
(001311,000093,'Arangote, Shoanne Marie ','1423','8000','billing','cash','','2019-12-16 12:29:52',304004,'','yes','yes','ok'),
(001312,000112,'Sera, Reggie Louis P.','1413','8000','billing','cash','','2019-12-16 14:16:29',204004,'','yes','yes','ok'),
(001313,000130,'Estraza, Ma. Shiela ','1407','8740','billing','cash','','2019-12-17 09:02:37',106002,'','yes','yes','ok'),
(001314,000067,'Mayol, Loveleny ','A1233','7084','billing','cash','','2019-12-17 16:08:42',221986,'Room 309','yes','yes','ok'),
(001315,000131,'Estraza, Jenez Chelsea ','1234','100000','billing','cash','','2020-01-01 02:37:37',104003,'P10k','yes','yes','not_ok'),
(001316,000097,'Tiu, Jurine D.','1437','10000','billing','cash','','2020-01-02 16:51:11',100003,'','yes','yes','ok'),
(001317,000097,'Tiu, Jurine D.','1473','10000','billing','cash','','2020-01-02 16:52:35',100003,'Adv payment for Feb bill','yes','yes','ok'),
(001318,000106,'Matsuoka, Kana ','1464','7100','billing','cash','','2020-01-04 12:42:05',307006,'','yes','yes','ok'),
(001319,000127,'Barbosa, Elisha James L.','1438','8700','billing','cash','','2020-01-05 22:23:29',101005,'','yes','yes','ok'),
(001320,000067,'Mayol, Loveleny ','B1233','12600','billing','cash','','2020-01-07 16:49:26',221986,'Room 6 - Iana Christine Zamora, 3 months total, complete payment. ','yes','yes','ok'),
(001321,000129,' Mirandilla, Jeffrey  ','1455','7700','billing','cash','','2020-01-08 06:50:39',208009,'','yes','yes','ok'),
(001322,000056,', Maranatha Eatery ','A1429','1120','billing','cash','','2020-01-09 10:06:06',002201,'','yes','yes','ok'),
(001323,000094,', Maranaha Convenience Store ','A1430','440','billing','cash','','2020-01-09 10:07:42',002202,'','yes','yes','ok'),
(001324,000067,'Mayol, Loveleny ','1234','15501.75','billing','cheque','6542317788','2020-01-10 11:54:33',221986,'Ahgs Dec utilities ','yes','yes','ok'),
(001325,000019,'Colinares, Francisco IV  ','1454','8000','billing','cash','','2020-01-11 08:10:45',207001,'','yes','yes','ok'),
(001326,000078,'Benenoso, Khem Q.','L1450','8720','billing','cash','','2020-01-12 18:39:52',203002,'','yes','yes','ok'),
(001327,000028,'Macam, Hans Christian ','1465','7370','billing','cash','','2020-01-13 08:22:23',308001,'','yes','yes','ok'),
(001328,000116,'Bersabe, Emerjane ','a1445','9700','billing','cash','','2020-01-13 19:12:23',108003,'','yes','yes','ok'),
(001329,000139,'Liu, Bernadeth Kharmell ','A1448','7900','billing','cash','','2020-01-13 20:20:13',201008,'','yes','yes','ok'),
(001330,000067,'Mayol, Loveleny ','1460','2915.12','billing','cheque','512201','2020-01-14 09:06:25',221986,'Alex chiong utilities ','yes','yes','ok'),
(001331,000095,', Suds ','1469','41979.60','billing','cheque','3166805','2020-01-14 11:52:31',002001,'','yes','yes','ok'),
(001332,000137,'Maravilla, Jarild C.','1456','8100','billing','cash','','2020-01-14 22:46:07',209003,'','yes','yes','ok'),
(001333,000085,'Barsobia, Rosemary ','1449','9500','billing','cash','','2020-01-15 08:21:56',202003,'','yes','yes','ok'),
(001334,000130,'Estraza, Ma. Shiela ','a1443','9000','billing','cash','','2020-01-15 11:44:17',106002,'','yes','yes','ok'),
(001335,000136,'Sadaya, Jeric V.','1458','11320','billing','cash','','2020-01-15 11:46:06',301005,'','yes','yes','ok'),
(001336,000132,'Acedillo, Rhody Lou A.','A1447','10200','billing','cash','','2020-01-15 11:56:03',200006,'','yes','yes','ok'),
(001337,000140,'Enriquez, Guillermo Ben Y. ','A1440','8500','billing','cash','','2020-01-15 14:48:19',103003,'No receipt','yes','yes','ok'),
(001338,000005,'Ho, Michael ','a1439','8500','billing','cash','','2020-01-15 16:51:56',102001,'','yes','yes','ok'),
(001339,000093,'Arangote, Shoanne Marie ','A1461','8470','billing','cash','','2020-01-15 18:55:04',304004,'','yes','yes','ok'),
(001340,000042,'Romero, Lemuel ','A1471','23500','billing','cash','','2020-01-15 20:44:13',221001,'','yes','yes','ok'),
(001341,000112,'Sera, Reggie Louis P.','1451','8000','billing','cash','','2020-01-16 00:31:28',204004,'','yes','yes','ok'),
(001342,000086,'Gamutan, Joy Capilitan ','A1452','8851.75','billing','cheque','4015284','2020-01-16 14:20:17',205002,'','yes','yes','ok'),
(001343,000131,'Estraza, Jenez Chelsea ','1441','11900','billing','cash','','2020-01-23 07:29:02',104003,'','yes','yes','ok'),
(001344,000091,'Ardiente, Kzyl U.','1459','17200','billing','cash','','2020-01-28 09:00:42',302002,'','yes','yes','ok'),
(001345,000067,'Mayol, Loveleny ','1235','9200','billing','cash','','2020-02-01 13:56:20',221986,'Room 107 payment marvin','yes','yes','ok'),
(001346,000106,'Matsuoka, Kana ','1501','8000','billing','cash','','2020-02-03 19:19:54',307006,'','yes','yes','ok'),
(001347,000067,'Mayol, Loveleny ','1236','3320.56','billing','cheque','3819253','2020-02-06 10:58:46',221986,'','yes','yes','ok'),
(001348,000139,'Liu, Bernadeth Kharmell ','1485','8140','billing','cash','','2020-02-08 15:27:44',201008,'','yes','yes','ok'),
(001349,000127,'Barbosa, Elisha James L.','1475','8820','billing','cash','','2020-02-08 17:45:12',101005,'','yes','yes','ok'),
(001350,000019,'Colinares, Francisco IV  ','1491','7500','billing','cash','','2020-02-09 08:40:05',207001,'','yes','yes','ok'),
(001351,000129,' Mirandilla, Jeffrey  ','1492','7800','billing','cash','','2020-02-11 20:00:14',208009,'','yes','yes','ok'),
(001352,000067,'Mayol, Loveleny ','1237','21000','billing','cash','','2020-02-12 10:45:40',221986,'','yes','yes','not_ok'),
(001353,000095,', Suds ','1506','32851.05','billing','cheque','3166815','2020-02-12 12:50:31',002001,'','yes','yes','ok'),
(001354,000086,'Gamutan, Joy Capilitan ','1489','9243.18','billing','cheque','4015202','2020-02-12 13:01:34',205002,'','yes','yes','ok'),
(001355,000078,'Benenoso, Khem Q.','L1487','8600','billing','cash','','2020-02-12 16:37:13',203002,'','yes','yes','ok'),
(001356,000116,'Bersabe, Emerjane ','1482','10500','billing','cash','','2020-02-13 15:40:33',108003,'','yes','yes','ok'),
(001357,000042,'Romero, Lemuel ','1509','24600','billing','cash','','2020-02-14 07:35:54',221001,'','yes','yes','ok'),
(001358,000067,'Mayol, Loveleny ','1238','16277.15','billing','cheque','6542328226','2020-02-14 16:49:59',221986,'Ahgs utilities','yes','yes','ok'),
(001359,000137,'Maravilla, Jarild C.','1493','9000','billing','cash','','2020-02-14 17:03:35',209003,'','yes','yes','ok'),
(001360,000005,'Ho, Michael ','1476','8800','billing','cash','','2020-02-14 17:22:21',102001,'','yes','yes','ok'),
(001361,000028,'Macam, Hans Christian ','1502','7850','billing','cash','','2020-02-14 19:28:17',308001,'','yes','yes','ok'),
(001362,000132,'Acedillo, Rhody Lou A.','1484','9500','billing','cash','','2020-02-15 07:22:35',200006,'','yes','yes','ok'),
(001363,000130,'Estraza, Ma. Shiela ','1480','9000','billing','cash','','2020-02-15 17:05:17',106002,'','yes','yes','ok'),
(001364,000131,'Estraza, Jenez Chelsea ','1478','11110','billing','cash','','2020-02-15 17:07:08',104003,'','yes','yes','ok'),
(001365,000067,'Mayol, Loveleny ','1239','22500','billing','cash','','2020-02-15 17:13:27',221986,'Jenny L. Room 204 2mths dep and 1 mth adv','yes','yes','ok'),
(001366,000085,'Barsobia, Rosemary ','1486','9700','billing','cash','','2020-02-15 18:09:12',202003,'','yes','yes','ok'),
(001367,000140,'Enriquez, Guillermo Ben Y. ','1477','9500','billing','cash','','2020-02-15 18:29:50',103003,'','yes','yes','ok'),
(001368,000112,'Sera, Reggie Louis P.','1466','8500','billing','cash','','2020-02-16 18:50:01',204004,'','yes','yes','ok'),
(001369,000118,'Dayaganon, Marvin Rey P.','1481','8700','billing','cash','','2020-02-29 07:08:01',107006,'','yes','yes','ok'),
(001370,000093,'Arangote, Shoanne Marie ','1498','7970','billing','cash','','2020-03-02 20:11:24',304004,'','yes','yes','ok'),
(001371,000106,'Matsuoka, Kana ','0702','7000','billing','cash','','2020-03-04 14:26:14',307006,'','yes','yes','ok'),
(001372,000129,' Mirandilla, Jeffrey  ','0671','8000','billing','cash','','2020-03-05 19:41:56',208009,'','yes','yes','ok'),
(001373,000078,'Benenoso, Khem Q.','L0739','8800','billing','cash','','2020-03-07 09:47:26',203002,'','yes','yes','ok'),
(001374,000091,'Ardiente, Kzyl U.','1496','12250','billing','cash','','2020-03-07 21:12:05',302002,'','yes','yes','ok'),
(001375,000028,'Macam, Hans Christian ','1515','7700','billing','cash','','2020-03-10 09:49:27',308001,'','yes','yes','ok'),
(001376,000019,'Colinares, Francisco IV  ','1510','7600','billing','cash','','2020-03-11 06:35:05',207001,'','yes','yes','ok'),
(001377,000116,'Bersabe, Emerjane ','0581','9500','billing','cash','','2020-03-12 07:22:31',108003,'','yes','yes','ok'),
(001378,000086,'Gamutan, Joy Capilitan ','0740','9308.47','billing','cheque','4015210','2020-03-12 14:11:32',205002,'','yes','yes','ok'),
(001379,000137,'Maravilla, Jarild C.','0350','9400','billing','cash','','2020-03-12 19:26:36',209003,'','yes','yes','ok'),
(001380,000042,'Romero, Lemuel ','1519','24200','billing','cash','','2020-03-13 07:01:57',221001,'','yes','yes','ok'),
(001381,000127,'Barbosa, Elisha James L.','0734','8720','billing','cash','','2020-03-13 17:06:16',101005,'','yes','yes','ok'),
(001382,000132,'Acedillo, Rhody Lou A.','0647','9660','billing','cash','','2020-03-13 18:35:19',200006,'','yes','yes','ok'),
(001383,000139,'Liu, Bernadeth Kharmell ','1522','8100','billing','cash','','2020-03-14 08:41:19',201008,'','yes','yes','ok'),
(001384,000095,', Suds ','1518','35319.55','billing','cheque','2005045','2020-03-14 10:37:43',002001,'','yes','yes','ok'),
(001385,000067,'Paradero, Laiaine B. ','1524','2300.00','billing','cash','','2020-03-14 13:52:18',021020,'Alex chiong A1','yes','yes','ok'),
(001386,000085,'Barsobia, Rosemary ','0738','9750','billing','cash','','2020-03-14 19:11:57',202003,'','yes','yes','ok'),
(001387,000005,'Ho, Michael ','0735','8670','billing','cash','','2020-03-15 16:04:56',102001,'','yes','yes','ok'),
(001388,000130,'Estraza, Ma. Shiela ','0714','9310.00','billing','cash','','2020-03-15 18:30:41',106002,'','yes','yes','ok'),
(001389,000140,'Enriquez, Guillermo Ben Y. ','0752','8500','billing','cash','','2020-03-15 20:13:23',103003,'','yes','yes','ok'),
(001390,000094,', Maranaha Convenience Store ','1517','1200','billing','cash','','2020-03-16 10:38:01',002202,'','yes','yes','ok'),
(001391,000056,', Maranatha Eatery ','1516','3700','billing','cheque','311379','2020-03-16 10:40:31',002201,'','yes','yes','ok'),
(001392,000067,'Paradero, Laiaine B. ','1440','51000.00','billing','cash','','2020-03-27 14:21:22',021020,'Unit D2 1 month adv p23k, 1 month dep p28k','yes','yes','ok'),
(001393,000091,'Ardiente, Kzyl U.','1542','9150','billing','cash','','2020-04-08 12:27:04',302002,'','yes','yes','ok'),
(001396,000134,'Dummy, Dummy Dummy','1569','4621.02','billing','cheque','512208','2020-04-08 16:02:14',000123,'By joel for A1 Alex','yes','yes','ok'),
(001397,000134,'Dummy, Dummy Dummy','0736 104','13000','billing','cash','','2020-04-08 16:03:23',000123,'By joel for room 104','yes','yes','ok'),
(001398,000035,'Si, Joel ','0703 307','8000','billing','cash','','2020-04-08 16:05:05',197109,'Kana 307','yes','yes','ok'),
(001399,000116,'Bersabe, Emerjane ','0582','10100','billing','cash','','2020-04-10 14:31:29',108003,'','yes','yes','ok'),
(001400,000019,'Colinares, Francisco IV  ','1538','8000','billing','cash','','2020-04-12 07:26:35',207001,'','yes','yes','ok'),
(001401,000112,'Sera, Reggie P.','1548','8450','billing','cash','','2020-04-14 16:14:42',309005,'','yes','yes','ok'),
(001402,000086,'Gamutan, Joy Capilitan ','1536','10172.00','billing','cheque','4015219','2020-04-15 11:03:18',205002,'','yes','yes','ok'),
(001403,000085,'Barsobia, Rosemary ','0280','10200','billing','cash','','2020-04-15 14:04:57',202003,'','yes','yes','ok'),
(001404,000095,', Suds ','1566','37800.60','billing','cheque','2005056','2020-04-15 15:15:46',002001,'','yes','yes','ok'),
(001405,000130,'Estraza, Ma. Shiela ','1529','13200','billing','cash','','2020-04-16 13:22:29',106002,'','yes','yes','ok'),
(001406,000140,'Enriquez, Guillermo Ben Y. ','0570','9000','billing','cash','','2020-04-20 05:59:01',103003,'','yes','yes','ok'),
(001407,000141,'Gallego, Rami Roman ','1549','8500','billing','cash','','2020-04-20 15:41:24',300004,'','yes','yes','ok'),
(001408,000131,'Estraza, Jenez Chelsea ','1527','14140','billing','cash','','2020-04-21 13:59:45',104003,'','yes','yes','ok'),
(001409,000097,'Tiu, Jurine D.','1560','10000','billing','cash','','2020-05-04 17:54:10',100003,'','yes','yes','ok'),
(001410,000106,'Matsuoka, Kana ','1553','8000','billing','cash','','2020-05-06 12:31:46',307006,'','yes','yes','ok'),
(001411,000035,'Si, Joel ','1568','5316.37','billing','cheque','512214','2020-05-07 17:49:11',197109,'Unit A1 and B1 Alex Chiong','yes','yes','ok'),
(001412,000116,'Bersabe, Emerjane ','0648','10500','billing','cash','','2020-05-09 20:04:51',108003,'','yes','yes','ok'),
(001413,000019,'Colinares, Francisco IV  ','0649','9000','billing','cash','','2020-05-12 08:00:07',207001,'','yes','yes','ok'),
(001414,000086,'Gamutan, Joy Capilitan ','1495','9865.00','billing','cheque','4015220','2020-05-14 10:53:09',205002,'','yes','yes','ok'),
(001415,000112,'Sera, Reggie P.','1555','8350','billing','cash','','2020-05-14 11:44:05',309005,'','yes','yes','ok'),
(001416,000095,', Suds ','1565','20778.56','billing','cheque','2005066','2020-05-15 15:33:43',002001,'','yes','yes','ok'),
(001417,000085,'Barsobia, Rosemary ','0210','10140','billing','cash','','2020-05-15 17:49:04',202003,'','yes','yes','ok'),
(001418,000140,'Enriquez, Guillermo Ben Y. ','1535','9100','billing','cash','','2020-05-15 20:02:04',103003,'','yes','yes','ok'),
(001419,000130,'Estraza, Ma. Shiela ','1534','10500','billing','cash','','2020-05-18 13:26:28',106002,'','yes','yes','ok'),
(001420,000131,'Estraza, Jenez Chelsea ','1540','11500','billing','cash','','2020-05-18 16:51:27',104003,'','yes','yes','ok'),
(001421,000091,'Ardiente, Kzyl U.','1533','8800','billing','cash','','2020-05-31 21:33:55',302002,'','yes','yes','ok'),
(001422,000091,'Ardiente, Kzyl U.','0000','37600','billing','cash','','2020-06-05 08:45:54',302002,'for unit G1','yes','yes','ok'),
(001423,000093,'Arangote, Shoanne Marie ','1653','33800','billing','cash','','2020-06-05 10:35:58',304004,'','yes','yes','ok'),
(001424,000106,'Matsuoka, Kana ','1656','8000','billing','cash','','2020-06-05 18:31:57',307006,'','yes','yes','ok'),
(001425,000091,'Ardiente, Kzyl U.','1010','2700','billing','cash','','2020-06-10 09:48:19',302002,'unit G2','yes','yes','ok'),
(001426,000091,'Ardiente, Kzyl U.','7771','1350','billing','cash','','2020-06-11 20:12:13',302002,'','yes','yes','ok'),
(001427,000019,'Colinares, Francisco IV  ','1665','9500','billing','cash','','2020-06-12 07:53:04',207001,'','yes','yes','ok'),
(001428,000116,'Bersabe, Emerjane ','1648','10700','billing','cash','','2020-06-12 10:09:30',108003,'','yes','yes','ok'),
(001429,000091,'Ardiente, Kzyl U.','3131','2700','billing','cash','','2020-06-12 20:22:15',302002,'Unit G2 - short term','yes','yes','ok'),
(001430,000091,'Ardiente, Kzyl U.','2323','2700','billing','cash','','2020-06-13 20:12:38',302002,'Unit G2 - short term','yes','yes','ok'),
(001431,000086,'Gamutan, Joy Capilitan ','1663','10217.00','billing','cheque','4015231','2020-06-14 11:33:32',205002,'','yes','yes','ok'),
(001432,000091,'Ardiente, Kzyl U.','4343','2700','billing','cash','','2020-06-14 20:14:03',302002,'Unit G2 - short term','yes','yes','ok'),
(001433,000112,'Sera, Reggie P.','1658','8400','billing','cash','','2020-06-15 09:42:48',309005,'','yes','yes','ok'),
(001434,000085,'Barsobia, Rosemary ','1660','10500','billing','cash','','2020-06-15 16:05:56',202003,'','yes','yes','ok'),
(001435,000095,', Suds ','1672','29052.95','billing','cheque','2005077','2020-06-15 16:20:24',002001,'','yes','yes','ok'),
(001436,000091,'Ardiente, Kzyl U.','9898','2700','billing','cash','','2020-06-15 20:09:31',302002,'For Unit G2 - short term','yes','yes','ok'),
(001437,000130,'Estraza, Ma. Shiela ','1646','11000','billing','cash','','2020-06-15 21:13:40',106002,'','yes','yes','ok'),
(001438,000140,'Enriquez, Guillermo Ben Y. ','1643','9600.00','billing','cash','','2020-06-16 19:50:05',103003,'','yes','yes','ok'),
(001439,000091,'Ardiente, Kzyl U.','1651','5000','billing','cash','','2020-07-01 10:04:50',302002,'','yes','yes','ok'),
(001440,000129,' Mirandilla, Jeffrey  ','2080','8000','billing','cash','','2020-07-03 06:24:55',208009,'','yes','yes','ok'),
(001441,000106,'Matsuoka, Kana ','1699','8000','billing','cash','','2020-07-06 14:20:23',307006,'','yes','yes','ok'),
(001442,000147,'Luna, Herlvie ','1647','2000','billing','cash','','2020-07-10 16:13:05',107007,'','yes','yes','ok'),
(001443,000019,'Colinares, Francisco IV  ','1691','9000','billing','cash','','2020-07-11 08:50:35',207001,'','yes','yes','ok'),
(001444,000116,'Bersabe, Emerjane ','1678','10200','billing','cash','','2020-07-11 19:28:02',108003,'','yes','yes','ok'),
(001445,000097,'Tiu, Jurine D.','1681','16750','billing','cash','','2020-07-15 09:14:46',100003,'','yes','yes','ok'),
(001446,000095,', Suds ','1707','19586.15','billing','cheque','2005085','2020-07-15 15:11:05',002001,'','yes','yes','ok'),
(001447,000085,'Barsobia, Rosemary ','1687','9750','billing','cash','','2020-07-15 20:25:39',202003,'','yes','yes','ok'),
(001448,000131,'Estraza, Jenez Chelsea ','1685','22720','billing','cash','','2020-07-15 22:43:50',104003,'','yes','yes','ok'),
(001449,000086,'Gamutan, Joy Capilitan ','1689','9998.00','billing','cheque','4015248','2020-07-15 22:50:17',205002,'','yes','yes','ok'),
(001450,000140,'Enriquez, Guillermo Ben Y. ','1684','9500','billing','cash','','2020-07-16 07:59:48',103003,'','yes','yes','ok'),
(001451,000130,'Estraza, Ma. Shiela ','1677','10200','billing','cash','','2020-07-17 18:31:07',106002,'','yes','yes','ok'),
(001452,000129,' Mirandilla, Jeffrey  ','1708','8000','billing','cash','','2020-07-21 06:46:13',208009,'','yes','yes','ok'),
(001453,000091,'Ardiente, Kzyl U.','1694','13670','billing','cash','','2020-07-28 08:58:00',302002,'','yes','yes','ok'),
(001454,000129,' Mirandilla, Jeffrey  ','1666','12750','billing','cash','','2020-08-06 06:51:53',208009,'','yes','yes','ok'),
(001455,000106,'Matsuoka, Kana ','1753','8000','billing','cash','','2020-08-06 15:55:00',307006,'','yes','yes','ok'),
(001456,000019,'Colinares, Francisco IV  ','1763','9000','billing','cash','','2020-08-14 08:07:45',207001,'','yes','yes','ok'),
(001457,000086,'Gamutan, Joy Capilitan ','1765','9989.00','billing','cheque','4043164','2020-08-14 18:11:35',205002,'','yes','yes','ok'),
(001458,000116,'Bersabe, Emerjane ','1770','10100','billing','cash','','2020-08-14 19:56:27',108003,'','yes','yes','ok'),
(001459,000147,'Luna, Herlvie ','1771','11200','billing','cash','','2020-08-15 08:41:03',107007,'','yes','yes','ok'),
(001460,000042,'Romero, Lemuel ','1736','27250','billing','cash','','2020-08-15 12:59:01',221001,'','yes','yes','ok'),
(001461,000095,', Suds ','1748','26973.35','billing','cheque','2005092','2020-08-15 13:25:23',002001,'','yes','yes','ok'),
(001462,000085,'Barsobia, Rosemary ','1767','10000','billing','cash','','2020-08-15 19:20:19',202003,'','yes','yes','ok'),
(001463,000140,'Enriquez, Guillermo Ben Y. ','1775','9000.00','billing','cash','','2020-08-17 08:32:09',103003,'','yes','yes','ok'),
(001464,000129,' Mirandilla, Jeffrey  ','1709','10000','billing','cash','','2020-08-21 09:31:09',208009,'','yes','yes','ok'),
(001465,000093,'Arangote, Shoanne Marie ','304','4000','billing','cash','','2020-08-28 16:13:55',304004,'','yes','yes','ok'),
(001466,000106,'Matsuoka, Kana ','1716','8000','billing','cash','','2020-09-06 08:28:54',307006,'','yes','yes','ok'),
(001467,000151,'Gobencion, Kyle ','1795','8000','billing','cash','','2020-09-06 15:27:24',107008,'','yes','yes','ok'),
(001468,000091,'Ardiente, Kzyl U.','1511','7620','billing','cash','','2020-09-08 21:36:30',302002,'','yes','yes','ok'),
(001469,000019,'Colinares, Francisco IV  ','1730','8500','billing','cash','','2020-09-12 08:07:25',207001,'','yes','yes','ok'),
(001470,000116,'Bersabe, Emerjane ','1714','11100','billing','cash','','2020-09-14 21:36:46',108003,'','yes','yes','ok'),
(001471,000095,', Suds ','1752','27785.25','billing','cheque','6000015754','2020-09-15 16:47:33',002001,'','yes','yes','ok'),
(001472,000085,'Barsobia, Rosemary ','1734','10750','billing','cash','','2020-09-15 19:10:57',202003,'','yes','yes','ok'),
(001473,000086,'Gamutan, Joy Capilitan ','1732','9989.80','billing','cheque','4043174','2020-09-15 22:20:48',205002,'','yes','yes','ok'),
(001474,000140,'Enriquez, Guillermo Ben Y. ','1713','9500','billing','cash','','2020-09-16 08:40:33',103003,'','yes','yes','ok'),
(001475,000129,' Mirandilla, Jeffrey  ','1729','8000','billing','cash','','2020-09-18 06:56:03',208009,'','yes','yes','ok'),
(001476,000147,'Luna, Herlvie ','1887','7200','billing','cash','','2020-10-07 11:40:07',107007,'','yes','yes','ok'),
(001477,000106,'Matsuoka, Kana ','1889','8000','billing','cash','','2020-10-07 16:45:49',307006,'','yes','yes','ok'),
(001478,000019,'Colinares, Francisco IV  ','1888','9000','billing','cash','','2020-10-10 07:31:53',207001,'','yes','yes','ok'),
(001479,000149,'Pitpitan, Reynante ','1892','11320','billing','cash','','2020-10-11 17:52:04',100004,'','yes','yes','ok'),
(001480,000078,'Benenoso, Khem Q.','L1893','9580','billing','cash','','2020-10-14 09:26:32',203002,'','yes','yes','ok'),
(001481,000116,'Bersabe, Emerjane ','1886','9500','billing','cash','','2020-10-15 15:23:04',108003,'','yes','yes','ok'),
(001482,000095,', Suds ','1895','18876.50','billing','cheque','6000015763','2020-10-15 15:35:20',002001,'','yes','yes','ok'),
(001483,000085,'Barsobia, Rosemary ','1891','8220','billing','cash','','2020-10-15 17:05:24',202003,'','yes','yes','ok'),
(001484,000140,'Enriquez, Guillermo Ben Y. ','1894','11000.00','billing','cash','','2020-10-15 21:34:25',103003,'','yes','yes','ok'),
(001485,000086,'Gamutan, Joy Capilitan ','1890','9645.00','billing','cheque','4043188','2020-10-15 23:53:58',205002,'','yes','yes','ok'),
(001486,000151,'Gobencion, Kyle ','1896','1320','billing','cash','','2020-10-19 16:12:25',107008,'','yes','yes','ok'),
(001487,000129,' Mirandilla, Jeffrey  ','1710','8000','billing','cash','','2020-10-21 06:41:48',208009,'','yes','yes','ok'),
(001488,000091,'Ardiente, Kzyl U.','1897','12000','billing','cash','','2020-10-31 07:12:17',302002,'','yes','yes','ok'),
(001489,000091,'Ardiente, Kzyl U.','1898','3700','billing','cash','','2020-11-04 07:48:03',302002,'','yes','yes','ok'),
(001490,000106,'Matsuoka, Kana ','1899','8000','billing','cash','','2020-11-05 20:01:57',307006,'','yes','yes','ok'),
(001491,000152,'Miranda, Rodel ','1900','9500','billing','cash','','2020-11-06 16:47:23',101007,'','yes','yes','ok'),
(001492,000078,'Benenoso, Khem Q.','L1901','9620','billing','cash','','2020-11-12 09:05:53',203002,'','yes','yes','ok'),
(001493,000095,', Suds ','1680','21296.35','billing','cheque','6000015784','2020-11-13 16:38:33',002001,'','yes','yes','ok'),
(001494,000019,'Colinares, Francisco IV  ','1700','8500','billing','cash','','2020-11-14 06:58:14',207001,'','yes','yes','ok'),
(001495,000141,'Gallego, Rami Roman ','1703','8200','billing','cash','','2020-11-15 12:58:34',300004,'','yes','yes','ok'),
(001496,000085,'Barsobia, Rosemary ','1743','8920','billing','cash','','2020-11-15 16:33:34',202003,'','yes','yes','ok'),
(001497,000116,'Bersabe, Emerjane ','1327','9200','billing','cash','','2020-11-15 17:58:42',108003,'','yes','yes','ok'),
(001498,000086,'Gamutan, Joy Capilitan ','1718','9638.91','billing','cheque','4043105','2020-11-15 20:21:03',205002,'','yes','yes','ok'),
(001499,000140,'Enriquez, Guillermo Y.','1717','9000.00','billing','cash','','2020-11-16 09:36:32',105008,'','yes','yes','ok'),
(001500,000151,'Gobencion, Kyle ','1744','7800','billing','cash','','2020-11-16 23:49:15',107008,'','yes','yes','ok'),
(001501,000151,'Gobencion, Kyle ','1780','5000','billing','cash','','2020-12-03 16:56:52',107008,'','yes','yes','ok'),
(001502,000106,'Matsuoka, Kana ','1782','8000','billing','cash','','2020-12-03 18:54:00',307006,'','yes','yes','ok'),
(001503,000078,'Benenoso, Khem Q.','1786','9540','billing','cash','','2020-12-11 10:11:35',203002,'','yes','yes','ok'),
(001504,000116,'Bersabe, Emerjane ','1787','9000','billing','cash','','2020-12-14 17:45:17',108003,'','yes','yes','ok'),
(001505,000086,'Gamutan, Joy Capilitan ','1788','9434.00','billing','cheque','4043113','2020-12-15 14:39:38',205002,'','yes','yes','ok'),
(001506,000095,', Suds ','1789','21153.95','billing','cheque','6000015805','2020-12-15 15:36:20',002001,'','yes','yes','ok'),
(001507,000085,'Barsobia, Rosemary ','1791','9000','billing','cash','','2020-12-15 18:40:32',202003,'','yes','yes','ok'),
(001508,000140,'Enriquez, Guillermo Y.','1790','9500.00','billing','cash','','2020-12-16 07:47:05',105008,'','yes','yes','ok'),
(001509,000106,'Matsuoka, Kana ','1793','8000','billing','cash','','2021-01-05 16:16:40',307006,'','yes','yes','ok'),
(001510,000151,'Gobencion, Kyle ','1750','8000','billing','cash','','2021-01-06 00:36:49',107008,'','yes','yes','ok'),
(001511,000153,'Amodia, Cedric Lester ','1815','18895.00','billing','cheque','1731163','2021-01-06 18:02:42',221006,'','yes','yes','ok'),
(001512,000019,'Colinares, Francisco IV  ','1813','8500','billing','cash','','2021-01-13 06:46:44',207001,'','yes','yes','ok'),
(001513,000078,'Benenoso, Khem Q.','L1811','9740','billing','cash','','2021-01-14 09:08:50',203002,'','yes','yes','ok'),
(001514,000154,'Laurente, Angel Faith ','1812','8800','billing','cash','','2021-01-15 16:26:40',106003,'','yes','yes','ok'),
(001515,000116,'Bersabe, Emerjane ','1810','8000','billing','cash','','2021-01-15 18:44:17',108003,'','yes','yes','ok'),
(001516,000085,'Barsobia, Rosemary ','1808','8420','billing','cash','','2021-01-15 19:43:56',202003,'','yes','yes','ok'),
(001517,000140,'Enriquez, Guillermo Y.','1798','9000','billing','cash','','2021-01-16 08:30:13',105008,'','yes','yes','ok'),
(001518,000086,'Gamutan, Joy Capilitan ','1807','9643.00','billing','cheque','4043117','2021-01-16 10:59:04',205002,'','yes','yes','ok'),
(001519,000095,', Suds ','1799','19768.00','billing','cheque','6000015820','2021-01-16 13:59:01',002001,'','yes','yes','ok'),
(001520,000151,'Gobencion, Kyle ','1809','7300','billing','cash','','2021-01-22 22:48:56',107008,'','yes','yes','ok'),
(001521,000091,'Ardiente, Kzyl U.','1800','7500','billing','cash','','2021-01-25 16:27:11',302002,'','yes','yes','ok'),
(001522,000106,'Matsuoka, Kana ','1806','7500','billing','cash','','2021-02-04 17:24:48',307006,'','yes','yes','ok'),
(001523,000153,'Amodia, Cedric Lester ','1805','21020.00','billing','cash','','2021-02-05 21:16:26',221006,'','yes','yes','ok'),
(001524,000091,'Ardiente, Kzyl U.','1804','51000','billing','cash','','2021-02-07 10:57:51',302002,'For unit A2, total 3 months ','yes','yes','ok'),
(001525,000091,'Ardiente, Kzyl U.','1803','51000','billing','cash','','2021-02-07 10:58:58',302002,'For unit B2, total 3 months','yes','yes','ok'),
(001526,000019,'Colinares, Francisco IV  ','1662','8000','billing','cash','','2021-02-12 06:19:09',207001,'','yes','yes','ok'),
(001527,000154,'Laurente, Angel Faith ','1676','9020','billing','cash','','2021-02-14 11:26:18',106003,'','yes','yes','ok'),
(001528,000078,'Benenoso, Khem Q.','1669','9600','billing','cash','','2021-02-14 14:30:27',203002,'','yes','yes','ok'),
(001529,000116,'Bersabe, Emerjane ','1701','8000','billing','cash','','2021-02-15 18:30:29',108003,'','yes','yes','ok'),
(001530,000085,'Barsobia, Rosemary ','1682','8190','billing','cash','','2021-02-15 19:55:39',202003,'','yes','yes','ok'),
(001531,000140,'Enriquez, Guillermo Y.','1715','9000','billing','cash','','2021-02-16 15:29:25',105008,'','yes','yes','ok'),
(001532,000095,', Suds ','1719','19006.80','billing','cheque','6000015827','2021-02-16 17:50:48',002001,'','yes','yes','ok'),
(001533,000086,'Gamutan, Joy Capilitan ','1679','9263.34','billing','cheque','4043132','2021-02-16 18:26:57',205002,'','yes','yes','ok'),
(001534,000091,'Ardiente, Kzyl U.','1720','12000','billing','cash','','2021-02-25 16:15:47',302002,'','yes','yes','ok'),
(001535,000151,'Gobencion, Kyle ','1721','10000','billing','cash','','2021-03-02 17:46:51',107008,'','yes','yes','ok'),
(001536,000106,'Matsuoka, Kana ','1738','7200','billing','cash','','2021-03-03 17:24:31',307006,'','yes','yes','ok'),
(001537,000152,'Miranda, Rodel ','1777','1100','billing','cash','','2021-03-09 10:08:52',101007,'','yes','yes','ok'),
(001538,000153,'Amodia, Cedric Lester ','1778','21520.00','billing','cash','','2021-03-10 19:42:06',221006,'','yes','yes','ok'),
(001539,000154,'Laurente, Angel Faith ','1784','10390','billing','cash','','2021-03-12 11:38:49',106003,'','yes','yes','ok'),
(001540,000019,'Colinares, Francisco IV  ','1801','8000','billing','cash','','2021-03-13 07:39:55',207001,'','yes','yes','ok'),
(001541,000156,'Banatlao, Rizalyn R.  ','1802','1850','billing','cash','','2021-03-13 11:19:09',300005,'','yes','yes','ok'),
(001542,000078,'Benenoso, Khem Q.','1740','9520','billing','cash','','2021-03-14 12:41:15',203002,'','yes','yes','ok'),
(001543,000095,', Suds ','1817','17831.50','billing','cheque','6000015834','2021-03-15 17:49:20',002001,'','yes','yes','ok'),
(001544,000085,'Barsobia, Rosemary ','1818','8250','billing','cash','','2021-03-15 18:44:22',202003,'','yes','yes','ok'),
(001545,000116,'Bersabe, Emerjane ','1739','9000','billing','cash','','2021-03-15 19:45:08',108003,'','yes','yes','ok'),
(001546,000140,'Enriquez, Guillermo Y.','1816','9000','billing','cash','','2021-03-16 07:59:39',105008,'','yes','yes','ok'),
(001547,000086,'Gamutan, Joy Capilitan ','1741','9432.31','billing','cheque','4043129','2021-03-16 19:12:12',205002,'','yes','yes','ok'),
(001548,000091,'Ardiente, Kzyl U.','1819','6000','billing','cash','','2021-03-26 09:53:20',302002,'','yes','yes','ok'),
(001549,000091,'Ardiente, Kzyl U.','1821','2700','billing','cash','','2021-03-31 20:22:58',302002,'','yes','yes','ok'),
(001550,000151,'Gobencion, Kyle ','1822','9000','billing','cash','','2021-04-01 17:16:54',107008,'','yes','yes','ok'),
(001551,000106,'Matsuoka, Kana ','1823','8000','billing','cash','','2021-04-05 15:55:16',307006,'','yes','yes','ok'),
(001552,000153,'Amodia, Cedric Lester ','1843','21470.00','billing','cash','','2021-04-07 08:28:31',221006,'','yes','yes','ok'),
(001553,000152,'Miranda, Rodel ','1827','16000','billing','cash','','2021-04-08 14:10:21',101007,'','yes','yes','ok'),
(001554,000078,'Benenoso, Khem Q.','L1825','9850','billing','cash','','2021-04-09 09:12:26',203002,'','yes','yes','ok'),
(001555,000056,', Maranatha Eatery ','1830','5000','billing','cash','','2021-04-12 11:15:50',002201,'','yes','yes','ok'),
(001556,000056,', Maranatha Eatery ','1826','4250','billing','cash','','2021-04-12 11:19:19',002201,'','yes','yes','ok'),
(001557,000019,'Colinares, Francisco IV  ','1828','9000','billing','cash','','2021-04-13 06:38:41',207001,'','yes','yes','ok'),
(001558,000116,'Bersabe, Emerjane ','1829','9000','billing','cash','','2021-04-14 16:51:42',108003,'','yes','yes','ok'),
(001559,000086,'Gamutan, Joy Capilitan ','1831','9735.59','billing','cheque','3993405','2021-04-15 13:55:59',205002,'','yes','yes','ok'),
(001560,000140,'Enriquez, Guillermo Y.','1833','9000','billing','cash','','2021-04-15 17:22:09',105008,'','yes','yes','ok'),
(001561,000085,'Barsobia, Rosemary ','1832','8420','billing','cash','','2021-04-15 18:41:49',202003,'','yes','yes','ok'),
(001562,000154,'Laurente, Angel Faith ','1834','9140','billing','cash','','2021-04-16 10:26:26',106003,'','yes','yes','ok'),
(001563,000095,', Suds ','1835','18193.12','billing','cheque','6000015845','2021-04-19 13:17:41',002001,'','yes','yes','ok'),
(001564,000091,'Ardiente, Kzyl U.','1836','8500','billing','cash','','2021-04-26 16:55:46',302002,'','yes','yes','ok'),
(001565,000106,'Matsuoka, Kana ','1838','8000','billing','cash','','2021-05-04 08:49:50',307006,'','yes','yes','ok'),
(001566,000019,'Colinares, Francisco IV  ','1839','8000','billing','cash','','2021-05-08 08:29:17',207001,'','yes','yes','ok'),
(001567,000153,'Amodia, Cedric Lester ','1840','22120.00','billing','cash','','2021-05-10 17:02:29',221006,'','yes','yes','ok'),
(001568,000078,'Benenoso, Khem Q.','L1824','10000','billing','cash','','2021-05-11 12:45:17',203002,'','yes','yes','ok'),
(001569,000095,', Suds ','1844','13416.38','billing','cheque','6000047507','2021-05-14 16:17:58',002001,'','yes','yes','ok'),
(001570,000085,'Barsobia, Rosemary ','1842','8300','billing','cash','','2021-05-15 13:01:47',202003,'','yes','yes','ok'),
(001571,000116,'Bersabe, Emerjane ','1841','9000','billing','cash','','2021-05-16 01:23:41',108003,'','yes','yes','ok'),
(001572,000086,'Gamutan, Joy Capilitan ','1845','14437.84','billing','cheque','39993408','2021-05-16 13:22:27',205002,'','yes','yes','ok'),
(001573,000091,'Ardiente, Kzyl U.','1846','5000','billing','cash','','2021-05-25 20:20:24',302002,'','yes','yes','ok'),
(001574,000091,'Ardiente, Kzyl U.','1847','2900','billing','cash','','2021-05-26 13:26:38',302002,'','yes','yes','ok'),
(001575,000091,'Ardiente, Kzyl U.','1848','13600','billing','cash','','2021-05-27 19:48:51',302002,'','yes','yes','ok'),
(001576,000106,'Matsuoka, Kana ','1849','8000','billing','cash','','2021-06-04 16:23:29',307006,'','yes','yes','ok'),
(001577,000153,'Amodia, Cedric Lester ','1850','23000','billing','cash','','2021-06-08 08:13:09',221006,'','yes','yes','ok'),
(001578,000078,'Benenoso, Khem Q.','L1851','9370','billing','cash','','2021-06-08 09:48:14',203002,'','yes','yes','ok'),
(001579,000019,'Colinares, Francisco IV  ','1853','9000','billing','cash','','2021-06-13 09:29:03',207001,'','yes','yes','ok'),
(001580,000095,', Suds ','1855','18874','billing','cheque','6000047521','2021-06-15 18:03:54',002001,'','yes','yes','ok'),
(001581,000116,'Bersabe, Emerjane ','1854','10000','billing','cash','','2021-06-15 19:05:07',108003,'','yes','yes','ok'),
(001582,000085,'Barsobia, Rosemary ','1856','8370','billing','cash','','2021-06-16 10:24:44',202003,'','yes','yes','ok'),
(001583,000154,'Laurente, Angel Faith ','1857','10240','billing','cash','','2021-06-18 16:34:09',106003,'','yes','yes','ok'),
(001584,000151,'Gobencion, Kyle ','1837','10000','billing','cash','','2021-06-18 21:22:45',107008,'','yes','yes','ok'),
(001585,000151,'Gobencion, Kyle ','107008','8000','billing','cash','','2021-07-01 12:53:12',107008,'','yes','yes','ok'),
(001586,000106,'Matsuoka, Kana ','1860','8000','billing','cash','','2021-07-05 18:43:39',307006,'','yes','yes','ok'),
(001587,000159,'Serrano, Gilbert ','1877','9000','billing','cash','','2021-07-06 10:17:03',220111,'for room 207 Francis','yes','yes','ok'),
(001588,000159,'Serrano, Gilbert ','1880','907','billing','cash','','2021-07-06 15:03:58',220111,'','yes','yes','ok'),
(001589,000078,'Benenoso, Khem Q.','L1878','9650','billing','cash','','2021-07-08 08:56:57',203002,'','yes','yes','ok'),
(001590,000153,'Amodia, Cedric Lester ','1876','23000','billing','cash','','2021-07-12 13:27:46',221006,'','yes','yes','ok'),
(001591,000158,'Unquen, Samuel Absalon Paillaleve ','1874','4000','billing','cash','','2021-07-15 10:07:27',200007,'','yes','yes','ok'),
(001592,000095,', Suds ','1873','15730.25','billing','cheque','6000047538','2021-07-15 13:37:43',002001,'','yes','yes','ok'),
(001593,000085,'Barsobia, Rosemary ','1875','8220','billing','cash','','2021-07-15 17:19:06',202003,'','yes','yes','ok'),
(001594,000116,'Bersabe, Emerjane ','1879','9000','billing','cash','','2021-07-15 18:53:23',108003,'','yes','yes','ok'),
(001595,000162,'Ardiente, Djan Dyll U. ','1872','6900','billing','cash','','2021-07-20 08:01:06',302003,'','yes','yes','ok'),
(001596,000151,'Gobencion, Kyle ','1871','9000','billing','cash','','2021-08-01 13:53:24',107008,'','yes','yes','ok'),
(001597,000153,'Amodia, Cedric Lester ','1870','25000','billing','cash','','2021-08-03 12:40:38',221006,'','yes','yes','ok'),
(001598,000106,'Matsuoka, Kana ','1869','8000','billing','cash','','2021-08-03 16:39:25',307006,'','yes','yes','ok'),
(001599,000160,'Abella, Irene Suarez','1868','8500','billing','cash','','2021-08-05 16:28:30',209005,'','yes','yes','ok'),
(001600,000078,'Benenoso, Khem Q.','L1866','9550','billing','cash','','2021-08-09 17:54:42',203002,'','yes','yes','ok'),
(001601,000164,'Pagalilauan, Krystle R. ','1864','1240','billing','cash','','2021-08-11 18:55:34',204006,'','yes','yes','ok'),
(001602,000163,'Aquino, Ric Angelo H.','1863','5250','billing','cash','','2021-08-11 19:05:48',104005,'','yes','yes','ok'),
(001603,000163,'Aquino, Ric Angelo H.','1863','5250','billing','cash','','2021-08-11 19:05:49',104005,'repeated entry','yes','yes','not_ok'),
(001604,000159,'Serrano, Gilbert ','1862','9000','billing','cash','','2021-08-14 14:04:38',220111,'for room 207 Francis','yes','yes','ok'),
(001605,000159,'Serrano, Gilbert ','1867','1345.55','billing','cash','','2021-08-14 14:06:14',220111,'','yes','yes','ok'),
(001606,000095,', Suds ','1914','12090.70','billing','cheque','6000047544','2021-08-14 16:19:09',002001,'','yes','yes','ok'),
(001607,000085,'Barsobia, Rosemary ','1913','8440','billing','cash','','2021-08-15 17:36:54',202003,'','yes','yes','ok'),
(001608,000116,'Bersabe, Emerjane ','1861','9000','billing','cash','','2021-08-15 19:23:45',108003,'','yes','yes','ok'),
(001609,000161,'Martinez, Margeaux ','1865','10000','billing','cash','','2021-08-15 22:41:54',103004,'','yes','yes','ok'),
(001610,000162,'Ardiente, Djan Dyll U. ','1912','7500','billing','cash','','2021-08-20 16:45:39',302003,'','yes','yes','ok'),
(001611,000162,'Ardiente, Djan Dyll U. ','1911','7750','billing','cash','','2021-08-20 16:48:15',302003,'','yes','yes','ok'),
(001612,000151,'Gobencion, Kyle ','1910','10000','billing','cash','','2021-08-21 16:36:34',107008,'','yes','yes','ok'),
(001613,000163,'Aquino, Ric Angelo H.','1906','10100','billing','cash','','2021-09-06 18:15:28',104005,'','yes','yes','ok'),
(001614,000106,'Matsuoka, Kana ','1909','8000','billing','cash','','2021-09-06 18:33:26',307006,'','yes','yes','ok'),
(001615,000166,'Navarro, Clyton  Olarte','1904','8500','billing','cash','','2021-09-07 17:56:22',105009,'','yes','yes','ok'),
(001616,000078,'Benenoso, Khem Q.','L1907','10000','billing','cash','','2021-09-09 13:09:40',203002,'','yes','yes','ok'),
(001617,000160,'Abella, Irene Suarez','1903','8500','billing','cash','','2021-09-10 17:27:16',209005,'','yes','yes','ok'),
(001618,000019,'Colinares, Francisco IV  ','1902','9000','billing','cash','','2021-09-11 09:25:43',207001,'','yes','yes','ok'),
(001619,000153,'Amodia, Cedric Lester ','1885','25280','billing','cash','','2021-09-15 17:04:08',221006,'','yes','yes','ok'),
(001620,000158,'Unquen, Samuel Absalon Paillaleve ','1884','8620','billing','cash','','2021-09-15 17:12:30',200007,'','yes','yes','ok'),
(001621,000085,'Barsobia, Rosemary ','1883','8570','billing','cash','','2021-09-15 19:22:39',202003,'','yes','yes','ok'),
(001622,000116,'Bersabe, Emerjane ','1908','8500','billing','cash','','2021-09-15 21:20:07',108003,'','yes','yes','ok'),
(001623,000159,'Serrano, Gilbert ','1881','866.05','billing','cash','','2021-09-16 08:11:55',220111,'','yes','yes','ok'),
(001624,000159,'Serrano, Gilbert ','1882','7720','billing','cash','','2021-09-16 08:28:29',220111,'','yes','yes','ok'),
(001625,000095,', Suds ','1945','15898','billing','cheque','6000047554','2021-09-17 10:48:07',002001,'','yes','yes','ok'),
(001626,000162,'Ardiente, Djan Dyll U. ','1944','1300','billing','cash','','2021-09-20 15:42:38',302003,'','yes','yes','ok'),
(001627,000162,'Ardiente, Djan Dyll U. ','1944','1300','billing','cash','','2021-09-20 15:42:38',302003,'','yes','yes','ok'),
(001628,000162,'Ardiente, Djan Dyll U. ','1944','1300','billing','cash','','2021-09-20 15:42:39',302003,'','yes','yes','ok'),
(001629,000151,'Gobencion, Kyle ','1943','8000','billing','cash','','2021-09-23 17:51:31',107008,'','yes','yes','ok'),
(001630,000106,'Matsuoka, Kana ','1942','8000','billing','cash','','2021-10-05 17:21:52',307006,'','yes','yes','ok'),
(001631,000019,'Colinares, Francisco IV  ','1941','9000','billing','cash','','2021-10-08 06:36:25',207001,'','yes','yes','ok'),
(001632,000166,'Navarro, Clyton  Olarte','1936','8500','billing','cash','','2021-10-11 20:53:48',105009,'','yes','yes','ok'),
(001633,000153,'Amodia, Cedric Lester ','1938','23040.00','billing','cash','','2021-10-13 21:03:26',221006,'','yes','yes','ok'),
(001634,000160,'Abella, Irene Suarez','1934','7700','billing','cash','','2021-10-14 18:16:30',209005,'','yes','yes','ok'),
(001635,000078,'Benenoso, Khem Q.','l1937','9640','billing','cash','','2021-10-14 20:00:06',203002,'','yes','yes','ok'),
(001636,000085,'Barsobia, Rosemary ','1940','8420','billing','cash','','2021-10-15 11:31:06',202003,'','yes','yes','ok'),
(001637,000095,', Suds ','1933','14760.95','billing','cheque','6000047562','2021-10-15 13:34:32',002001,'','yes','yes','ok'),
(001638,000163,'Aquino, Ric Angelo H.','1935','10000','billing','cash','','2021-10-15 17:52:10',104005,'','yes','yes','ok'),
(001639,000116,'Bersabe, Emerjane ','1939','8500','billing','cash','','2021-10-15 21:18:29',108003,'','yes','yes','ok'),
(001640,000161,'Martinez, Margeaux ','1932','8000','billing','cash','','2021-10-19 08:13:58',103004,'','yes','yes','ok'),
(001641,000161,'Martinez, Margeaux ','1932','8000','billing','cash','','2021-10-19 08:13:59',103004,'','yes','yes','ok'),
(001642,000161,'Martinez, Margeaux ','1932','8000','billing','cash','','2021-10-19 08:14:00',103004,'','yes','yes','ok'),
(001643,000161,'Martinez, Margeaux ','1932','8000','billing','cash','','2021-10-19 08:14:00',103004,'','yes','yes','ok'),
(001644,000159,'Serrano, Gilbert ','1931','827.50','billing','cash','','2021-10-19 08:28:52',220111,'','yes','yes','ok'),
(001645,000159,'Serrano, Gilbert ','1931','827.50','billing','cash','','2021-10-19 08:28:54',220111,'','yes','yes','ok'),
(001646,000162,'Ardiente, Djan Dyll U. ','1930','7800','billing','cash','','2021-10-20 13:04:19',302003,'','yes','yes','ok'),
(001647,000163,'Aquino, Ric Angelo H.','1926','10240','billing','cash','','2021-11-12 16:11:32',104005,'','yes','yes','ok'),
(001648,000078,'Benenoso, Khem Q.','L1924','9500','billing','cash','','2021-11-13 10:43:17',203002,'','yes','yes','ok'),
(001649,000028,'Macam, Hans Christian ','1923','7200','billing','cash','','2021-11-15 12:31:40',308001,'','yes','yes','ok'),
(001650,000116,'Bersabe, Emerjane ','1927','8500','billing','cash','','2021-11-15 21:29:24',108003,'','yes','yes','ok'),
(001651,000160,'Abella, Irene Suarez','1921','7500','billing','cash','','2021-11-16 14:54:17',209005,'','yes','yes','ok'),
(001652,000169,'Co, Cheryl Leslie D. ','1920','9085','billing','cash','','2021-11-17 09:42:44',206004,'','yes','yes','ok'),
(001653,000159,'Serrano, Gilbert ','1919','1323.05','billing','cash','','2021-11-17 14:00:43',220111,'','yes','yes','ok'),
(001654,000159,'Serrano, Gilbert ','111T','100','billing','cash','','2021-11-19 10:55:06',220111,'','yes','yes','ok'),
(001655,000095,', Suds ','1918','29210.02','billing','cheque','6000047585','2021-11-20 14:10:30',002001,'','yes','yes','ok'),
(001656,000106,'Matsuoka, Kana ','1916','8000','billing','cash','','2021-12-06 16:58:22',307006,'','yes','yes','ok'),
(001657,000176,'Ang, Angela Christie Apat','1917','506.66','billing','cash','','2021-12-07 17:09:49',305003,'','yes','yes','ok'),
(001658,000078,'Benenoso, Khem Q.','L1971','9240','billing','cash','','2021-12-09 16:49:00',203002,'','yes','yes','ok'),
(001659,000169,'Co, Cheryl Leslie D. ','1970','9827','billing','cash','','2021-12-10 09:58:01',206004,'','yes','yes','ok'),
(001660,000172,'Cabana, John Roel G. ','1969','15670','billing','cash','','2021-12-10 22:47:58',106004,'','yes','yes','ok'),
(001661,000176,'Ang, Angela Christie Apat','1968','9000','billing','cash','','2021-12-12 08:39:32',305003,'','yes','yes','ok'),
(001662,000019,'Colinares, Francisco IV  ','1967','9000','billing','cash','','2021-12-12 09:03:29',207001,'','yes','yes','ok'),
(001663,000028,'Macam, Hans Christian ','1972','7550','billing','cash','','2021-12-13 13:48:22',308001,'','yes','yes','ok'),
(001664,000166,'Navarro, Clyton  Olarte','1966','8200','billing','cash','','2021-12-14 08:25:37',105009,'','yes','yes','ok'),
(001665,000095,', Suds ','1964','32511.13','billing','cheque','6000107952','2021-12-15 13:29:32',002001,'','yes','yes','ok'),
(001666,000163,'Aquino, Ric Angelo H.','1963','9900','billing','cash','','2021-12-15 18:02:52',104005,'','yes','yes','ok'),
(001667,000106,'Matsuoka, Kana ','1949','8000','billing','cash','','2022-02-05 10:50:30',307006,'','yes','yes','ok'),
(001668,000078,'Benenoso, Khem Q.','L1946','8300','billing','cash','','2022-02-13 11:02:42',203002,'','yes','yes','ok'),
(001669,000116,'Bersabe, Emerjane ','1947','9000','billing','cash','','2022-02-15 19:34:29',108003,'','yes','yes','ok'),
(001670,000161,'Martinez, Margeaux ','1997','24100','billing','cash','','2022-02-16 23:25:51',103004,'','yes','yes','ok'),
(001671,000106,'Matsuoka, Kana ','1992','7500','billing','cash','','2022-03-04 10:41:36',307006,'','yes','yes','ok'),
(001672,000078,'Benenoso, Khem Q.','L1988','9000','billing','cash','','2022-03-09 16:51:15',203002,'','yes','yes','ok'),
(001673,000019,'Colinares, Francisco IV  ','1989','8000','billing','cash','','2022-03-10 06:37:35',207001,'','yes','yes','ok'),
(001674,000169,'Co, Cheryl Leslie D. ','1987','9371','billing','cash','','2022-03-15 10:13:23',206004,'','yes','yes','ok'),
(001675,000028,'Macam, Hans Christian ','1986','7400','billing','cash','','2022-03-15 12:07:32',308001,'','yes','yes','ok'),
(001676,000166,'Navarro, Clyton  Olarte','1984','7000','billing','cash','','2022-03-15 14:36:20',105009,'','yes','yes','ok'),
(001677,000095,', Suds ','1983','22393.87','billing','cheque','6000107972','2022-03-15 14:50:11',002001,'','yes','yes','ok'),
(001678,000116,'Bersabe, Emerjane ','1979','10.000','billing','cash','','2022-03-16 10:20:34',108003,'Payment p10k','yes','yes','ok'),
(001679,000176,'Ang, Angela Christie Apat','1985','8000','billing','cash','','2022-03-17 14:42:49',305003,'','yes','yes','ok'),
(001680,000106,'Matsuoka, Kana ','1976','8000','billing','cash','','2022-04-03 14:58:48',307006,'','yes','yes','ok'),
(001681,000019,'Colinares, Francisco IV  ','1975','8000','billing','cash','','2022-04-06 06:36:16',207001,'','yes','yes','ok'),
(001682,000159,'Serrano, Gilbert ','ROOM 107 - BPI 1649477082423 - 4.9.22','8217.80','billing','cash','','2022-04-11 09:33:44',220111,'','yes','yes','ok'),
(001683,000159,'Serrano, Gilbert ','ROOM 200 - PE 1974 - 4.9.22','8547','billing','cash','','2022-04-11 09:42:04',220111,'','yes','yes','ok'),
(001684,000159,'Serrano, Gilbert ','ROOM 202 - PE 2079 - 4.11.22','12170','billing','cash','','2022-04-11 10:06:46',220111,'','yes','yes','ok'),
(001685,000078,'Benenoso, Khem Q.','L2076','9000','billing','cash','','2022-04-14 16:55:48',203002,'','yes','yes','ok'),
(001686,000116,'Bersabe, Emerjane ','2078','9500','billing','cash','','2022-04-15 21:11:46',108003,'','yes','yes','ok'),
(001687,000095,', Suds ','2075','32020.38','billing','cheque','6000107979','2022-04-16 14:37:18',002001,'','yes','yes','ok'),
(001688,000169,'Co, Cheryl Leslie D. ','2074','9862','billing','cash','','2022-04-16 20:15:40',206004,'','yes','yes','ok'),
(001689,000159,'Serrano, Gilbert ','ROOM 205 - METROBANK - 4.11.22','9045.05','billing','cash','','2022-04-18 14:08:02',220111,'','yes','yes','ok'),
(001690,000159,'Serrano, Gilbert ','NCPI - MBTC 99477082423 - 4.11.22','20269.60','billing','cash','','2022-04-18 14:11:10',220111,'','yes','yes','ok'),
(001691,000159,'Serrano, Gilbert ','G2 - BPI 16502217341944 - 4.18.22','19490.88','billing','cash','','2022-04-18 14:13:14',220111,'','yes','yes','ok'),
(001692,000159,'Serrano, Gilbert ','ROOM 308 - 4177953631 - 4.13.22','8100','billing','cash','','2022-04-18 14:15:58',220111,'','yes','yes','ok'),
(001693,000159,'Serrano, Gilbert ','ROOM 303 - BDO MA_PC20220415 - 4.15.22','7700','billing','cash','','2022-04-18 14:20:11',220111,'','yes','yes','ok'),
(001694,000159,'Serrano, Gilbert ','ROOM 102 - BPI 1649976859230 - 4.15.22','7700','billing','cash','','2022-04-18 14:25:34',220111,'','yes','yes','ok'),
(001695,000159,'Serrano, Gilbert ','ROOM 301 - MBTC 864606936660 - 4.13.22','10608','billing','cash','','2022-04-18 14:30:47',220111,'','yes','yes','ok'),
(001696,000159,'Serrano, Gilbert ','ROOM 300 - MBTC 1649836052883 - 4.13.22','9257.45','billing','cash','','2022-04-18 14:33:30',220111,'','yes','yes','ok'),
(001697,000159,'Serrano, Gilbert ','ROOM 204 - BPI 1649808747466 - 4.13.22','7594.65','billing','cash','','2022-04-18 14:35:59',220111,'','yes','yes','ok'),
(001698,000159,'Serrano, Gilbert ','GEORGE OWEN - BPI - 4.5.22','30323','billing','cash','','2022-04-18 14:41:44',220111,'','yes','yes','ok'),
(001699,000159,'Serrano, Gilbert ','ROOM 100 - PE 2073 - 4.15.22','1925.30','billing','cash','','2022-04-18 14:45:36',220111,'','yes','yes','ok'),
(001700,000159,'Serrano, Gilbert ','A1 - PE 2077 - 4.13.22','11757.37','billing','cash','','2022-04-18 16:18:52',220111,'','yes','yes','ok'),
(001701,000159,'Serrano, Gilbert ','ROOM 106 - PE 2072 - 4.18.22','9714','billing','cash','','2022-04-18 16:35:34',220111,'','yes','yes','ok'),
(001702,000161,'Martinez, Margeaux ','1978','17000','billing','cash','','2022-04-20 20:19:48',302004,'','yes','yes','ok'),
(001705,000159,'Serrano, Gilbert ','ROOM 105 - BPI 16496774383832 - 4.11.22','8900','billing','cash','','2022-04-25 15:29:36',220111,'','yes','yes','ok'),
(001706,000159,'Serrano, Gilbert ','MARANATHA - 4.30.22','28500','billing','cash','','2022-05-04 12:22:40',220111,'','yes','yes','ok'),
(001707,000106,'Matsuoka, Kana ','2069','8000','billing','cash','','2022-05-08 11:47:30',307006,'','yes','yes','ok'),
(001708,000178,'Tabanao, Friedrich Kyle ','2066','8204','billing','cash','','2022-05-12 16:10:46',200008,'','yes','yes','ok'),
(001709,000179,'Sonas, Ma. Victoria  C.','2068','12600','billing','cash','','2022-05-14 08:13:11',202004,'','yes','yes','ok'),
(001710,000177,'Sibi, Anthony Leigh Calapne ','2065','9240','billing','cash','','2022-05-14 11:35:20',304005,'','yes','yes','ok'),
(001711,000078,'Benenoso, Khem Q.','2070','9500','billing','cash','','2022-05-14 12:33:37',203002,'','yes','yes','ok'),
(001712,000019,'Colinares, Francisco IV  ','2062','8500','billing','cash','','2022-05-15 10:10:51',207001,'','yes','yes','ok'),
(001713,000169,'Co, Cheryl Leslie D. ','2063','9050','billing','cash','','2022-05-15 21:02:30',206004,'','yes','yes','ok'),
(001714,000095,', Suds ','2059','25072.50','billing','cheque','6000107989','2022-05-16 12:05:17',002001,'','yes','yes','ok'),
(001715,000159,'Serrano, Gilbert ','A1 - PE 2064 - 5.14.22','11429.50','billing','cash','','2022-05-19 14:41:10',220111,'','yes','yes','ok'),
(001718,000159,'Serrano, Gilbert ','ROOM 102 - BPI 1652399520085 - 5.13.22','9280','billing','cash','','2022-05-19 15:00:17',220111,'','yes','yes','ok'),
(001719,000159,'Serrano, Gilbert ','ROOM 105 - BPI 1652405562756 - 5.13.22','8200','billing','cash','','2022-05-19 15:11:34',220111,'','yes','yes','ok'),
(001720,000159,'Serrano, Gilbert ','ROOM 201 - BPI 1652500450370 - 5.14.22','8870','billing','cash','','2022-05-19 15:16:52',220111,'','yes','yes','ok'),
(001721,000159,'Serrano, Gilbert ','ROOM 204 - BPI 7004486643819 - 5.13.22','7700','billing','cash','','2022-05-19 15:17:46',220111,'','yes','yes','ok'),
(001722,000159,'Serrano, Gilbert ','ROOM 300 - BPI 6254218888311 - 5.15.22','7351','billing','cash','','2022-05-19 15:22:04',220111,'','yes','yes','ok'),
(001723,000159,'Serrano, Gilbert ','ROOM 301 - MBTC 6583760095339 - 5.16.22','12430','billing','cash','','2022-05-19 15:28:30',220111,'','yes','yes','ok'),
(001725,000159,'Serrano, Gilbert ','ROOM 308 - BPI 4499891672 - 5.14.22','7090','billing','cash','','2022-05-19 16:15:29',220111,'','yes','yes','ok'),
(001726,000116,'Bersabe, Emerjane ','2061','10000','billing','cash','','2022-05-23 18:03:08',108003,'','yes','yes','ok'),
(001727,000159,'Serrano, Gilbert ','Room 101 - Union Bank - 5.12.22','9333','billing','cash','','2022-05-31 17:30:11',220111,'','yes','yes','ok'),
(001728,000159,'Serrano, Gilbert ','room 103 - PE 2067 - 5.12.22','3029','billing','cash','','2022-05-31 17:31:26',220111,'','yes','yes','ok'),
(001729,000159,'Serrano, Gilbert ','Room 106 - PE 2057 - 5.31.22','9545.03','billing','cash','','2022-05-31 17:32:28',220111,'','yes','yes','ok'),
(001730,000159,'Serrano, Gilbert ','Room 205 - MBTC 587255822987 - 5.13.22','9375','billing','cash','','2022-05-31 17:33:26',220111,'','yes','yes','ok'),
(001732,000159,'Serrano, Gilbert ','Room 302 - BPI 1653225739622 - 5.22.22','8010','billing','cash','','2022-05-31 17:35:44',220111,'','yes','yes','ok'),
(001733,000159,'Serrano, Gilbert ','Room 303 - BDO MA_PC 202220515-152383870 - 5.17.22','7870','billing','cash','','2022-05-31 17:37:03',220111,'','yes','yes','ok'),
(001734,000159,'Serrano, Gilbert ','Room 305 - MBTC 587258822987 - 5.9.22','2448.50','billing','cash','','2022-05-31 17:38:14',220111,'','yes','yes','ok'),
(001735,000159,'Serrano, Gilbert ','MARANATHA 5.31.22','30000','billing','cash','','2022-05-31 17:46:53',220111,'','yes','yes','ok'),
(001736,000159,'Serrano, Gilbert ','Exasales - 5.30.22','7309.80','billing','cash','','2022-05-31 18:04:05',220111,'','yes','yes','ok'),
(001737,000159,'Serrano, Gilbert ','Room 100 - 5.17.22','2880.50','billing','cash','','2022-06-01 11:04:05',220111,'','yes','yes','ok'),
(001738,000159,'Serrano, Gilbert ','G2 - BPI 1652522688056 - 5.13.22','19898.54','billing','cash','','2022-06-02 11:58:19',220111,'','yes','yes','ok'),
(001739,000159,'Serrano, Gilbert ','B2 - BPI 1652427359529 - 5.13.22','17198.5','billing','cash','','2022-06-02 12:00:31',220111,'','yes','yes','ok'),
(001740,000159,'Serrano, Gilbert ','LITTLE PANTRY MBTC 7594783353657  5.17.22','5672','billing','cash','','2022-06-02 12:10:23',220111,'','yes','yes','ok'),
(001741,000106,'Matsuoka, Kana ','2531','8500','billing','cash','','2022-06-05 07:58:39',307006,'','yes','yes','ok'),
(001742,000178,'Tabanao, Friedrich Kyle ','2056','9422','billing','cash','','2022-06-06 02:50:59',200008,'','yes','yes','ok'),
(001743,000078,'Benenoso, Khem Q.','L2053','8800','billing','cash','','2022-06-12 09:04:46',203002,'','yes','yes','ok'),
(001744,000028,'Macam, Hans Christian ','2054','7700','billing','cash','','2022-06-13 09:57:20',308001,'','yes','yes','ok'),
(001745,000179,'Sonas, Ma. Victoria  C.','2052','13800','billing','cash','','2022-06-13 10:41:24',202004,'','yes','yes','ok'),
(001746,000169,'Co, Cheryl Leslie D. ','2051','10623','billing','cash','','2022-06-14 20:24:16',206004,'','yes','yes','ok'),
(001747,000019,'Colinares, Francisco IV  ','2049','9000','billing','cash','','2022-06-15 06:21:06',207001,'','yes','yes','ok'),
(001749,000095,', Suds ','2047','27368.50','billing','cheque','6000107999','2022-06-15 17:08:46',002001,'','yes','yes','ok'),
(001750,000154,'Laurente, Angel Faith ','2050','9550','billing','cash','','2022-06-15 19:07:29',106003,'','yes','yes','ok'),
(001751,000116,'Bersabe, Emerjane ','2046','10000','billing','cash','','2022-06-15 22:41:09',108003,'','yes','yes','ok'),
(001752,000177,'Sibi, Anthony Leigh Calapne ','2045','10000','billing','cash','','2022-06-18 13:31:33',304005,'','yes','yes','ok'),
(001753,000106,'Matsuoka, Kana ','2048','8000','billing','cash','','2022-07-04 13:31:19',307006,'','yes','yes','ok'),
(001754,000178,'Tabanao, Friedrich Kyle ','2044','8500','billing','cash','','2022-07-05 00:26:18',200008,'','yes','yes','ok'),
(001755,000019,'Colinares, Francisco IV  ','2043','8500','billing','cash','','2022-07-05 06:28:32',207001,'','yes','yes','ok'),
(001756,000177,'Sibi, Anthony Leigh Calapne ','2041','10170','billing','cash','','2022-07-10 16:09:26',304005,'','yes','yes','ok'),
(001757,000078,'Benenoso, Khem Q.','L2040','9200','billing','cash','','2022-07-11 17:23:57',203002,'','yes','yes','ok'),
(001758,000180,'Batusbatusan, John Joel  ','2039','11170','billing','cash','','2022-07-13 12:13:54',103003,'','yes','yes','ok'),
(001759,000179,'Sonas, Ma. Victoria  C.','2042','13500','billing','cash','','2022-07-13 13:36:27',202004,'','yes','yes','ok'),
(001760,000095,', Suds ','2038','27608','billing','cheque','6000132711','2022-07-15 15:52:14',002001,'Bpi # 60000132711','yes','yes','ok'),
(001761,000169,'Co, Cheryl Leslie D. ','2037','9990','billing','cash','','2022-07-16 19:03:29',206004,'','yes','yes','ok'),
(001762,000116,'Bersabe, Emerjane ','2036','10000.00','billing','cash','','2022-07-19 22:16:55',108003,'','yes','yes','ok'),
(001763,000154,'Laurente, Angel Faith ','2035','10268.20','billing','cash','','2022-07-25 12:42:45',106003,'Paid p10,269.00','yes','yes','ok'),
(001764,000019,'Colinares, Francisco IV  ','2032','9000','billing','cash','','2022-08-09 06:18:06',207001,'','yes','yes','ok'),
(001766,000179,'Sonas, Ma. Victoria  C.','2030','13500','billing','cash','','2022-08-11 18:22:27',202004,'','yes','yes','ok'),
(001767,000028,'Macam, Hans Christian ','2033','7100','billing','cash','','2022-08-12 10:24:31',308001,'','yes','yes','ok'),
(001768,000180,'Batusbatusan, John Joel  ','2029','11450','billing','cash','','2022-08-12 17:32:52',103003,'','yes','yes','ok'),
(001769,000177,'Sibi, Anthony Leigh Calapne ','2028','10690','billing','cash','','2022-08-14 11:11:37',304005,'','yes','yes','ok'),
(001770,000154,'Laurente, Angel Faith ','2027','11250','billing','cash','','2022-08-15 15:39:25',106003,'','yes','yes','ok'),
(001771,000078,'Benenoso, Khem Q.','L2031','9500','billing','cash','','2022-08-15 16:15:04',203002,'','yes','yes','ok'),
(001772,000095,', Suds ','2026','24818.60','billing','cheque','6000132719','2022-08-16 13:55:58',002001,'','yes','yes','ok'),
(001773,000116,'Bersabe, Emerjane ','2034','10000','billing','cash','','2022-08-24 15:14:19',108003,'','yes','yes','ok'),
(001774,000106,'Matsuoka, Kana ','2024','8100','billing','cash','','2022-09-02 17:27:14',307006,'','yes','yes','ok'),
(001776,000179,'Sonas, Ma. Victoria  C.','2023','3500','billing','cash','','2022-09-12 18:42:45',202004,'','yes','yes','ok'),
(001777,000180,'Batusbatusan, John Joel  ','2022','11520','billing','cash','','2022-09-13 14:25:30',103003,'','yes','yes','ok'),
(001779,000078,'Benenoso, Khem Q.','L2020','9600','billing','cash','','2022-09-14 17:22:26',203002,'','yes','yes','ok'),
(001780,000019,'Colinares, Francisco IV  ','2019','9500','billing','cash','','2022-09-15 06:23:43',207001,'','yes','yes','ok'),
(001781,000095,', Suds ','2021','24722.85','billing','cheque','6000132733','2022-09-15 14:57:17',002001,'','yes','yes','ok'),
(001782,000154,'Laurente, Angel Faith ','2018','10940','billing','cash','','2022-09-16 10:03:21',106003,'','yes','yes','ok'),
(001783,000116,'Bersabe, Emerjane ','2017','10000','billing','cash','','2022-09-16 10:55:36',108003,'','yes','yes','ok'),
(001784,000177,'Sibi, Anthony Leigh Calapne ','2016','10150','billing','cash','','2022-09-16 20:01:24',304005,'','yes','yes','ok'),
(001785,000078,'Benenoso, Khem Q.','L2015','10020','billing','cash','','2022-10-10 07:47:31',203002,'','yes','yes','ok'),
(001786,000019,'Colinares, Francisco IV  ','2013','9000','billing','cash','','2022-10-14 06:20:39',207001,'','yes','yes','ok'),
(001787,000179,'Sonas, Ma. Victoria  C.','2014','14000','billing','cash','','2022-10-14 10:54:17',202004,'','yes','yes','ok'),
(001788,000187,'Otaza, Dorothy Jane B. ','2012','11500','billing','cash','','2022-10-14 13:50:39',107010,'','yes','yes','ok'),
(001789,000095,', Suds ','2011','20942.82','billing','cheque','6000132739','2022-10-14 15:54:31',002001,'','yes','yes','ok'),
(001790,000116,'Bersabe, Emerjane ','2010','10000','billing','cash','','2022-10-15 22:17:48',108003,'','yes','yes','ok'),
(001791,000177,'Sibi, Anthony Leigh Calapne ','2009','10250','billing','cash','','2022-10-16 21:26:12',304005,'','yes','yes','ok'),
(001792,000154,'Laurente, Angel Faith ','2008','10000','billing','cash','','2022-10-17 08:01:20',106003,'','yes','yes','ok'),
(001793,000195,'Alivio, Liezel P. ','2007','8320','billing','cash','','2022-11-10 09:07:11',302005,'','yes','yes','ok'),
(001794,000078,'Benenoso, Khem Q.','L2006','10200','billing','cash','','2022-11-12 08:24:59',203002,'','yes','yes','ok'),
(001795,000078,'Benenoso, Khem Q.','L2006','10200','billing','cash','','2022-11-12 08:24:59',203002,'','yes','yes','ok'),
(001796,000019,'Colinares, Francisco IV  ','2005','9000','billing','cash','','2022-11-12 10:51:19',207001,'','yes','yes','ok'),
(001797,000179,'Sonas, Ma. Victoria  C.','2004','13500','billing','cash','','2022-11-14 15:08:03',202004,'','yes','yes','ok'),
(001798,000196,'Cuado, Angelica Abella ','2003','8100','billing','cash','','2022-11-15 11:38:50',104007,'','yes','yes','ok'),
(001799,000095,', Suds ','2002','20453.37','billing','cheque','6000162662','2022-11-15 15:48:50',002001,'','yes','yes','ok'),
(001800,000116,'Bersabe, Emerjane ','2001','11000','billing','cash','','2022-11-16 16:24:57',108003,'','yes','yes','ok'),
(001801,000154,'Laurente, Angel Faith ','2000','10610','billing','cash','','2022-11-16 18:29:58',106003,'','yes','yes','ok'),
(001802,000169,'Co, Cheryl Leslie D. ','2085','10033','billing','cash','','2022-11-16 21:04:34',206004,'','yes','yes','ok'),
(001803,000198,'Restor, Joshua C.','2087','8770.00','billing','cash','','2022-12-06 15:59:22',205005,'','yes','yes','ok'),
(001804,000019,'Colinares, Francisco IV  ','2088','9600','billing','cash','','2022-12-08 08:40:46',207001,'','yes','yes','ok'),
(001805,000078,'Benenoso, Khem Q.','L2089','10300','billing','cash','','2022-12-11 12:36:33',203002,'','yes','yes','ok'),
(001806,000033,'Tano, Arlene ','2090','21200','billing','cash','','2022-12-12 14:18:55',220110,'','yes','yes','ok'),
(001807,000179,'Sonas, Ma. Victoria  C.','2091','13200','billing','cash','','2022-12-13 20:16:27',202004,'','yes','yes','ok'),
(001808,000116,'Bersabe, Emerjane ','2093','10500','billing','cash','','2022-12-15 20:41:47',108003,'','yes','yes','ok'),
(001809,000116,'Bersabe, Emerjane ','2093','10500','billing','cash','','2022-12-15 20:41:48',108003,'','yes','yes','ok'),
(001810,000116,'Bersabe, Emerjane ','2093','10500','billing','cash','','2022-12-15 20:41:49',108003,'','yes','yes','ok'),
(001811,000095,', Suds ','2092','21098.75','billing','cheque','6000162669','2022-12-16 13:24:10',002001,'','yes','yes','ok'),
(001812,000154,'Laurente, Angel Faith ','2094','2170','billing','cash','','2022-12-16 18:27:20',106003,'','yes','yes','ok'),
(001813,000200,'Claracay, Kristie Ann ','Rm302','8000','billing','cash','','2022-12-20 18:12:05',302006,'','yes','yes','ok'),
(001814,000033,'Tano, Arlene ','2153','15000','billing','cash','','2022-12-21 15:38:57',220110,'','yes','yes','ok'),
(001815,000033,'Tano, Arlene ','2154','8400','billing','cash','','2022-12-21 15:42:12',220110,'','yes','yes','ok'),
(001816,000033,'Tano, Arlene ','2155','36000','billing','cash','','2022-12-22 09:40:39',220110,'','yes','yes','ok'),
(001817,000033,'Tano, Arlene ','Z2095','23400','billing','cash','','2022-12-31 14:03:13',220110,'','yes','yes','ok'),
(001818,000196,'Cuado, Angelica Abella ','2083','9500','billing','cash','','2022-12-31 15:16:48',104007,'','yes','yes','ok'),
(001819,000033,'Tano, Arlene ','2082','8000','billing','cash','','2023-01-07 10:26:06',220110,'','yes','yes','ok'),
(001820,000179,'Sonas, Ma. Victoria  C.','2104','13500','billing','cash','','2023-01-12 17:23:12',202004,'','yes','yes','ok'),
(001822,000078,'Benenoso, Khem Q.','L2177','9000','billing','cash','','2023-02-12 08:17:27',203002,'','yes','yes','ok'),
(001823,000179,'Sonas, Ma. Victoria  C.','2096','13550','billing','cash','','2023-02-13 15:27:33',202004,'actual payment P13,570.00','yes','yes','not_ok'),
(001824,000033,'Tano, Arlene ','A1000','10000','billing','cash','','2023-02-14 14:30:37',220110,'for testing program','yes','yes','not_ok'),
(001825,000187,'Otaza, Dorothy Jane B. ','2174','8500','billing','cash','','2023-02-15 14:11:28',107010,'','yes','yes','ok'),
(001826,000095,', Suds ','2173','25383.25','billing','cheque','6000162697','2023-02-15 15:24:29',002001,'','yes','yes','ok'),
(001827,000198,'Restor, Joshua C.','2171','8500','billing','cash','','2023-02-15 16:02:10',205005,'','yes','yes','ok'),
(001828,000116,'Bersabe, Emerjane ','2176','9600','billing','cash','','2023-02-16 01:16:53',108003,'','yes','yes','ok'),
(001832,000179,'Sonas, Ma. Victoria  C.','2167','13600','billing','cash','','2023-03-13 21:22:26',202004,'','yes','no','pending'),
(001833,000078,'Benenoso, Khem Q.','L2172','9550','billing','cash','','2023-03-14 19:12:32',203002,'','yes','no','pending'),
(001834,000028,'Macam, Hans Christian ','2166','8000','billing','cash','','2023-03-15 19:21:33',308001,'','yes','no','pending'),
(001835,000116,'Bersabe, Emerjane ','2170','10000','billing','cash','','2023-03-16 08:35:03',108003,'','yes','no','pending'),
(001837,000095,', Suds ','2169','22295.75','billing','cheque','6000183764','2023-03-18 12:00:51',002001,'','yes','no','pending'),
(001838,000179,'Sonas, Ma. Victoria  C.','2165','14500','billing','cash','','2023-04-13 15:57:49',202004,'','yes','no','pending'),
(001839,000154,'Laurente, Angel Faith ','2164','12150','billing','cash','','2023-04-13 19:26:37',106003,'','yes','no','pending'),
(001840,000019,'Colinares, Francisco IV  ','2163','9000','billing','cash','','2023-04-14 06:19:13',207001,'','yes','no','pending'),
(001841,000187,'Otaza, Dorothy Jane B. ','2162','11000','billing','cash','','2023-04-14 18:06:25',107010,'','yes','no','pending'),
(001842,000200,'Claracay, Kristie Ann ','2161','8403','billing','cash','','2023-04-15 10:19:33',302006,'','yes','no','pending'),
(001843,000095,', Suds ','2160','22770.50','billing','cheque','6000183782','2023-04-17 13:06:57',002001,'','yes','no','pending'),
(001844,000116,'Bersabe, Emerjane ','2159','9500','billing','cash','','2023-04-17 20:19:13',108003,'','yes','no','pending'),
(001845,000116,'Bersabe, Emerjane ','2401','9500','billing','cash','','2023-05-04 19:58:03',108003,'','yes','no','pending'),
(001846,000019,'Colinares, Francisco IV  ','2402','8500','billing','cash','','2023-05-10 06:21:45',207001,'','yes','no','pending'),
(001847,000028,'Macam, Hans Christian ','2403','7720','billing','cash','','2023-05-11 18:37:07',308001,'','yes','no','pending'),
(001848,000078,'Benenoso, Khem Q.','L2405','10000','billing','cash','','2023-05-12 17:30:10',203002,'','yes','no','pending'),
(001849,000095,', Suds ','2406','21466.35','billing','cheque','6000183796','2023-05-13 17:37:10',002001,'','yes','no','pending'),
(001850,000200,'Claracay, Kristie Ann ','2407','4220','billing','cash','','2023-05-14 10:03:17',302006,'','yes','no','pending'),
(001851,000179,'Sonas, Ma. Victoria  C.','2156','14500','billing','cash','','2023-05-15 10:10:01',202004,'','yes','no','pending'),
(001852,000187,'Otaza, Dorothy Jane B. ','2408','12500','billing','cash','','2023-05-16 18:37:13',107010,'','yes','no','pending'),
(001853,000223,'Mayol, Loveleny D.','7852','10000','billing','cash','','2025-07-31 11:20:57',221986,'','yes','no','pending'),
(001854,000223,'Mayol, Loveleny D.','76666','23334','billing','cash','','2025-07-31 11:22:25',221986,'','yes','no','pending'),
(001855,000223,'Mayol, Loveleny D.','131233','1200','billing','cash','','2025-07-31 11:33:27',221986,'','yes','no','pending'),
(001856,000223,'Mayol, Loveleny D.','33333','2222','billing','cash','','2025-07-31 11:46:57',221986,'','yes','no','pending'),
(001857,000223,'Mayol, Loveleny D.','123456','60','billing','cash','','2025-07-31 12:16:01',221986,'','yes','no','pending');
/*!40000 ALTER TABLE `payment` ENABLE KEYS */;
UNLOCK TABLES;

--
-- Table structure for table `products`
--

DROP TABLE IF EXISTS `products`;
/*!40101 SET @saved_cs_client     = @@character_set_client */;
/*!40101 SET character_set_client = utf8mb4 */;
CREATE TABLE `products` (
  `productID` int(11) NOT NULL AUTO_INCREMENT,
  `product_img` varchar(1550) NOT NULL,
  `product_name` varchar(250) NOT NULL,
  `product_code` varchar(250) NOT NULL,
  `product_description` varchar(550) NOT NULL,
  `product_price` int(11) NOT NULL,
  `date_added` datetime NOT NULL,
  `product_status` varchar(10) NOT NULL,
  PRIMARY KEY (`productID`)
) ENGINE=InnoDB AUTO_INCREMENT=11 DEFAULT CHARSET=latin1 COLLATE=latin1_swedish_ci;
/*!40101 SET character_set_client = @saved_cs_client */;

--
-- Dumping data for table `products`
--

LOCK TABLES `products` WRITE;
/*!40000 ALTER TABLE `products` DISABLE KEYS */;
INSERT INTO `products` VALUES
(5,'5-gallon-water-bottle.jpeg','5 GAL. DRINKING WATER','5GDRKWTR','Drinking Water',30,'2022-11-01 16:22:04','enabled'),
(9,'OPEN DOOR.jpg','LOCKOUT RESCUE','LOCKOUTRESQ','LOCKOUT RESCUE',300,'2023-02-13 13:57:52','enabled'),
(10,'WATER DISPENSER.png','PORTABLE WATER DISPENSER','PRTBLEWTRDES','WATER DISPENSER',400,'2023-02-13 15:10:38','enabled');
/*!40000 ALTER TABLE `products` ENABLE KEYS */;
UNLOCK TABLES;

--
-- Table structure for table `receipt_footer`
--

DROP TABLE IF EXISTS `receipt_footer`;
/*!40101 SET @saved_cs_client     = @@character_set_client */;
/*!40101 SET character_set_client = utf8mb4 */;
CREATE TABLE `receipt_footer` (
  `receipt_footerID` int(11) NOT NULL AUTO_INCREMENT,
  `footer1` varchar(500) NOT NULL,
  `footer2` varchar(500) NOT NULL,
  `footer3` varchar(500) NOT NULL,
  `footer4` varchar(500) NOT NULL,
  PRIMARY KEY (`receipt_footerID`)
) ENGINE=InnoDB AUTO_INCREMENT=2 DEFAULT CHARSET=latin1 COLLATE=latin1_swedish_ci;
/*!40101 SET character_set_client = @saved_cs_client */;

--
-- Dumping data for table `receipt_footer`
--

LOCK TABLES `receipt_footer` WRITE;
/*!40000 ALTER TABLE `receipt_footer` DISABLE KEYS */;
INSERT INTO `receipt_footer` VALUES
(1,'Thank you for your payment.','','','');
/*!40000 ALTER TABLE `receipt_footer` ENABLE KEYS */;
UNLOCK TABLES;

--
-- Table structure for table `receipt_header`
--

DROP TABLE IF EXISTS `receipt_header`;
/*!40101 SET @saved_cs_client     = @@character_set_client */;
/*!40101 SET character_set_client = utf8mb4 */;
CREATE TABLE `receipt_header` (
  `receipt_headerID` int(11) NOT NULL AUTO_INCREMENT,
  `header1` varchar(500) NOT NULL,
  `header2` varchar(500) NOT NULL,
  `header3` varchar(500) NOT NULL,
  `header4` varchar(500) NOT NULL,
  PRIMARY KEY (`receipt_headerID`)
) ENGINE=InnoDB AUTO_INCREMENT=2 DEFAULT CHARSET=latin1 COLLATE=latin1_swedish_ci;
/*!40101 SET character_set_client = @saved_cs_client */;

--
-- Dumping data for table `receipt_header`
--

LOCK TABLES `receipt_header` WRITE;
/*!40000 ALTER TABLE `receipt_header` DISABLE KEYS */;
INSERT INTO `receipt_header` VALUES
(1,'Door 22 Residence','===== Acknowledgement  Slip ======','','');
/*!40000 ALTER TABLE `receipt_header` ENABLE KEYS */;
UNLOCK TABLES;

--
-- Table structure for table `room_history`
--

DROP TABLE IF EXISTS `room_history`;
/*!40101 SET @saved_cs_client     = @@character_set_client */;
/*!40101 SET character_set_client = utf8mb4 */;
CREATE TABLE `room_history` (
  `historyID` int(11) NOT NULL AUTO_INCREMENT,
  `roomID` varchar(10) NOT NULL,
  `userID` varchar(10) NOT NULL,
  `date_start` datetime NOT NULL,
  `date_end` datetime NOT NULL,
  `status` varchar(20) NOT NULL,
  `view` varchar(50) NOT NULL,
  PRIMARY KEY (`historyID`)
) ENGINE=InnoDB AUTO_INCREMENT=101 DEFAULT CHARSET=latin1 COLLATE=latin1_swedish_ci;
/*!40101 SET character_set_client = @saved_cs_client */;

--
-- Dumping data for table `room_history`
--

LOCK TABLES `room_history` WRITE;
/*!40000 ALTER TABLE `room_history` DISABLE KEYS */;
INSERT INTO `room_history` VALUES
(7,'28','000028','2016-06-22 10:52:47','2023-05-25 07:27:16','out','yes'),
(10,'25','000026','2016-06-22 10:53:15','2022-06-15 10:41:14','out','yes'),
(17,'17','000019','2016-06-22 10:54:44','0000-00-00 00:00:00','active','no'),
(18,'16','000018','2016-06-22 10:54:52','2018-06-25 09:55:17','out','no'),
(19,'15','000017','2016-06-22 10:55:08','2018-06-25 09:54:17','out','no'),
(20,'14','000016','2016-06-22 10:55:27','2018-06-25 09:43:32','out','no'),
(25,'8','000011','2016-06-22 10:56:40','2018-06-25 09:53:58','out','no'),
(27,'6','000009','2016-06-22 10:57:03','2022-06-15 10:42:57','out','yes'),
(28,'5','000008','2016-06-22 10:57:13','2018-06-25 09:58:32','out','no'),
(29,'4','000007','2016-06-22 10:57:25','2022-06-15 10:39:40','out','yes'),
(30,'3','000006','2016-06-22 10:57:40','2022-06-15 10:42:35','out','yes'),
(31,'2','000005','2016-06-22 10:57:53','2023-02-27 11:51:08','out','yes'),
(34,'23','000036','2016-06-23 11:20:04','2018-06-25 09:48:56','out','no'),
(42,'31','000042','2016-07-19 15:00:20','2022-06-15 10:35:32','out','yes'),
(58,'36','000056','2017-01-17 09:32:20','0000-00-00 00:00:00','active','no'),
(59,'29','000057','2017-01-17 15:03:28','2022-06-15 10:41:52','out','yes'),
(64,'10','000064','2017-04-22 08:20:09','2018-06-25 09:47:19','out','no'),
(68,'24','000069','2017-06-21 11:57:06','2018-06-25 09:48:34','out','no'),
(69,'18','000070','2017-06-21 11:57:38','2018-09-08 23:50:26','out','no'),
(70,'12','000068','2017-06-21 11:59:01','2017-09-05 01:34:31','out','yes'),
(71,'22','000073','2017-08-12 10:10:55','2018-06-25 09:53:29','out','no'),
(72,'20','000072','2017-08-12 10:11:16','2018-06-25 09:53:13','out','no'),
(74,'27','000075','2017-08-14 16:34:05','2018-09-08 23:49:34','out','yes'),
(75,'40','000076','2017-08-14 16:49:56','2022-06-15 10:41:07','out','yes'),
(76,'30','000058','2017-08-14 16:50:20','2018-06-11 17:55:27','out','yes'),
(78,'13','000078','2017-09-05 01:32:23','0000-00-00 00:00:00','active','no'),
(79,'14','000096','2018-06-25 09:43:32','2022-06-15 10:40:42','out','yes'),
(80,'38','000095','2018-06-25 09:45:02','0000-00-00 00:00:00','active','no'),
(81,'10','000084','2018-06-25 09:47:19','2022-06-15 10:43:14','out','yes'),
(82,'24','000093','2018-06-25 09:48:34','2022-06-15 10:41:17','out','yes'),
(83,'23','000092','2018-06-25 09:48:56','2022-06-15 10:41:21','out','yes'),
(84,'21','000090','2018-06-25 09:51:07','2022-06-15 10:42:06','out','yes'),
(85,'19','000088','2018-06-25 09:52:28','2022-06-15 10:42:13','out','yes'),
(86,'20','000089','2018-06-25 09:53:13','2022-06-15 10:42:09','out','yes'),
(87,'22','000091','2018-06-25 09:53:29','2022-06-15 10:42:00','out','yes'),
(88,'8','000082','2018-06-25 09:53:58','2022-06-15 10:43:38','out','yes'),
(89,'15','000086','2018-06-25 09:54:17','2022-06-15 10:40:49','out','yes'),
(90,'16','000087','2018-06-25 09:55:17','2022-06-15 10:42:26','out','yes'),
(91,'12','000085','2018-06-25 09:55:45','2022-06-15 10:41:04','out','yes'),
(92,'9','000083','2018-06-25 09:57:27','2018-09-08 23:47:59','out','no'),
(93,'7','000079','2018-06-25 09:57:42','2022-06-15 10:43:30','out','yes'),
(94,'5','000081','2018-06-25 09:58:32','2022-06-15 10:43:50','out','yes'),
(95,'37','000094','2018-06-25 09:58:47','2022-06-15 10:41:36','out','yes'),
(96,'1','000080','2018-06-25 09:59:55','2022-06-15 10:40:26','out','yes'),
(97,'35','000097','2018-09-08 23:45:33','2022-06-15 10:40:33','out','yes'),
(98,'9','000100','2018-09-08 23:47:59','2022-06-15 10:43:22','out','yes'),
(99,'11','000099','2018-09-08 23:48:48','2022-06-15 10:43:06','out','yes'),
(100,'18','000103','2018-09-08 23:50:26','2022-06-15 10:42:17','out','yes');
/*!40000 ALTER TABLE `room_history` ENABLE KEYS */;
UNLOCK TABLES;

--
-- Table structure for table `rooms`
--

DROP TABLE IF EXISTS `rooms`;
/*!40101 SET @saved_cs_client     = @@character_set_client */;
/*!40101 SET character_set_client = utf8mb4 */;
CREATE TABLE `rooms` (
  `roomID` int(11) NOT NULL AUTO_INCREMENT,
  `room_no` varchar(50) NOT NULL,
  `room_price` int(11) NOT NULL,
  `description` varchar(500) NOT NULL,
  `userID` int(10) unsigned NOT NULL,
  `date_added` datetime NOT NULL,
  `status` varchar(50) NOT NULL,
  `edit` varchar(50) NOT NULL,
  `historyID` varchar(10) NOT NULL,
  PRIMARY KEY (`roomID`)
) ENGINE=InnoDB AUTO_INCREMENT=70 DEFAULT CHARSET=latin1 COLLATE=latin1_swedish_ci;
/*!40101 SET character_set_client = @saved_cs_client */;

--
-- Dumping data for table `rooms`
--

LOCK TABLES `rooms` WRITE;
/*!40000 ALTER TABLE `rooms` DISABLE KEYS */;
INSERT INTO `rooms` VALUES
(1,'CHECK- OUT',0,'6mths, 10/28/16',0,'2016-05-24 11:37:05','available','no','0'),
(2,'102',0,'3mths, 8/25/16',5,'2016-05-26 13:36:14','occupied','no','0'),
(3,'103',0,'',208,'2016-05-26 13:36:47','occupied','no','0'),
(4,'104',0,'10/9/2022',209,'2016-05-26 13:37:52','occupied','no','0'),
(5,'105',0,'CLYTON NAVARRO',228,'2016-05-26 13:38:02','occupied','no','0'),
(7,'107',0,'7/18/2022',187,'2016-05-26 13:38:57','occupied','no','0'),
(8,'108',0,'1yr, 12/27/16',116,'2016-05-26 13:39:40','occupied','no','0'),
(9,'306',0,'3mths, 8/1/16',206,'2016-05-26 13:40:12','occupied','no','0'),
(10,'200',0,'3 months',178,'2016-05-26 13:40:43','occupied','no','0'),
(11,'201',0,'3mths, 9/10/16',204,'2016-05-26 13:41:20','occupied','no','0'),
(13,'203',0,'3 mths, 9/30/16',78,'2016-05-26 13:42:20','occupied','no','78'),
(14,'204',0,'6mths, 11/8/16',164,'2016-05-26 13:42:54','occupied','no','0'),
(16,'206',0,'1yr, 3/17/17',169,'2016-05-26 13:44:30','occupied','no','0'),
(17,'207',0,'2mths, 8/13/16',19,'2016-05-26 13:45:15','occupied','no','17'),
(18,'208',0,'7/8/2022',189,'2016-05-26 13:45:42','occupied','no','0'),
(19,'205',0,'10/11/2021',224,'2016-05-26 13:45:49','occupied','no','0'),
(20,'300',0,'5/26/2021',157,'2016-05-26 13:46:29','occupied','no','0'),
(21,'301',0,'check in 8/27/22',203,'2016-05-26 13:47:04','occupied','yes','0'),
(22,'302',0,'check in 12/13/22, 3 months',200,'2016-05-26 13:47:37','occupied','no','0'),
(24,'304',0,'3mths, 6/10',177,'2016-05-26 13:48:11','occupied','no','0'),
(25,'305',0,'check in 9/1/22',35,'2016-05-26 13:48:28','occupied','yes','0'),
(27,'307',0,'3 mths, 8/28/16',106,'2016-05-26 13:49:18','occupied','no','0'),
(30,'A1',0,'10mths, 4/9/16',148,'2016-07-11 14:11:14','occupied','no','0'),
(36,'Comspace1',0,'Maranatha Eatery',56,'2016-09-02 09:41:35','occupied','no','58'),
(38,'Comm1&2',0,'Blk2-commercial ',95,'2017-04-22 08:24:41','occupied','no','80'),
(39,'I2',0,'1 BR',0,'2017-04-22 08:25:42','available','no','0'),
(40,'CHECK OUT ',0,'check in 10/17/22',0,'2017-08-14 16:44:44','available','no','0'),
(42,'202',0,'2/25/2022',179,'2022-06-15 10:49:39','occupied','no','0'),
(44,'109',12000,'',213,'2023-01-16 14:13:15','occupied','no','0'),
(50,'303',15000,'bare unit',220,'2023-02-27 11:45:04','occupied','no','0'),
(51,'A2',15000,'semi furnished',211,'2023-02-27 11:45:38','occupied','no','0'),
(52,'101',0,'Test add Room',219,'2023-02-27 14:43:03','occupied','yes','0'),
(53,'G1',0,'testing add room',0,'2023-02-27 15:36:40','available','no','0'),
(54,'B1',0,'',0,'2023-02-27 15:38:10','available','yes','0'),
(55,'B2',0,'',0,'2023-02-27 15:39:06','available','no','0'),
(56,'C1',0,'',0,'2023-02-27 15:39:51','available','no','0'),
(58,'C2',0,'',0,'2023-02-27 15:44:23','available','no','0'),
(59,'D1',0,'',0,'2023-02-27 15:44:40','available','no','0'),
(60,'D2',0,'',33,'2023-02-27 15:45:13','occupied','no','0'),
(62,'209',7800,'Sean Gerard Beduya',210,'2023-05-25 07:32:52','occupied','no','0'),
(64,'106',8000,'Ma. Malou Lumambas',0,'2023-05-25 07:52:33','available','no','0'),
(65,'309',7800,'Jessa Marie Deguilmo',0,'2023-05-25 08:50:46','available','no','0'),
(66,'100',7500,'Check - in 25/05/2023',229,'2023-05-26 09:00:07','occupied','no','0'),
(67,'G2',0,'Sample G2',0,'2023-05-29 11:47:47','available','no','0'),
(68,'H2',23000,'H2',0,'2023-05-29 11:50:35','available','no','0'),
(69,'Comspace 2',9500,'Convenience Store',0,'2023-05-29 11:51:13','available','no','0');
/*!40000 ALTER TABLE `rooms` ENABLE KEYS */;
UNLOCK TABLES;

--
-- Table structure for table `transaction`
--

DROP TABLE IF EXISTS `transaction`;
/*!40101 SET @saved_cs_client     = @@character_set_client */;
/*!40101 SET character_set_client = utf8mb4 */;
CREATE TABLE `transaction` (
  `transID` int(11) NOT NULL AUTO_INCREMENT,
  `userID` int(6) unsigned zerofill NOT NULL,
  `paymentID` int(6) unsigned zerofill NOT NULL,
  `total` int(11) NOT NULL,
  `type` varchar(50) NOT NULL,
  `date_created` datetime NOT NULL,
  `status` varchar(150) NOT NULL,
  PRIMARY KEY (`transID`)
) ENGINE=InnoDB AUTO_INCREMENT=47 DEFAULT CHARSET=latin1 COLLATE=latin1_swedish_ci;
/*!40101 SET character_set_client = @saved_cs_client */;

--
-- Dumping data for table `transaction`
--

LOCK TABLES `transaction` WRITE;
/*!40000 ALTER TABLE `transaction` DISABLE KEYS */;
INSERT INTO `transaction` VALUES
(1,000207,000000,0,'product','2023-03-09 09:29:06','pending'),
(2,000028,001834,30,'product','2023-03-13 13:52:46','paid'),
(3,000210,000000,0,'product','2023-03-14 16:08:28','pending'),
(4,000106,000000,0,'product','2023-03-16 18:59:49','pending'),
(5,000157,000000,0,'product','2023-03-17 16:47:48','pending'),
(6,000189,000000,0,'product','2023-03-20 10:29:35','pending'),
(7,000209,000000,0,'product','2023-03-20 12:38:50','pending'),
(8,000179,001838,60,'product','2023-03-20 15:49:01','paid'),
(9,000224,000000,0,'product','2023-03-25 12:56:29','pending'),
(10,000078,001848,120,'product','2023-03-25 14:45:32','paid'),
(11,000220,000000,0,'product','2023-03-25 15:06:24','pending'),
(12,000220,000000,0,'wifi','2023-03-27 19:07:16','pending'),
(13,000204,000000,0,'product','2023-03-28 07:17:32','pending'),
(14,000154,001839,1080,'wifi','2023-03-28 15:34:44','paid'),
(15,000169,000000,0,'product','2023-03-31 15:29:08','pending'),
(16,000177,000000,0,'product','2023-04-01 14:26:33','pending'),
(17,000005,000000,0,'product','2023-04-02 09:53:39','pending'),
(18,000203,000000,0,'product','2023-04-04 15:06:00','pending'),
(19,000154,001839,1080,'product','2023-04-09 21:20:45','paid'),
(20,000187,001841,30,'product','2023-04-10 13:13:52','paid'),
(21,000223,001853,750,'wifi','2023-04-12 15:58:15','paid'),
(22,000179,001851,440,'product','2023-04-13 15:58:30','paid'),
(23,000187,001852,330,'product','2023-04-15 03:01:58','paid'),
(24,000177,000000,0,'wifi','2023-04-15 14:29:25','pending'),
(25,000188,000000,0,'product','2023-04-17 08:42:06','pending'),
(26,000179,001851,440,'wifi','2023-04-20 20:16:48','paid'),
(27,000204,000000,0,'wifi','2023-04-21 13:48:19','pending'),
(28,000200,001850,30,'product','2023-04-25 12:24:34','paid'),
(29,000188,000000,0,'wifi','2023-04-26 19:02:44','pending'),
(30,000213,000000,0,'product','2023-04-29 16:47:48','pending'),
(31,000169,000000,0,'wifi','2023-05-01 07:10:13','pending'),
(32,000164,000000,0,'product','2023-05-02 18:15:54','pending'),
(33,000213,000000,0,'wifi','2023-05-03 18:14:53','pending'),
(34,000154,000000,0,'product','2023-05-05 20:31:34','pending'),
(35,000224,000000,0,'wifi','2023-05-05 21:38:22','pending'),
(36,000154,000000,0,'wifi','2023-05-08 02:16:35','pending'),
(37,000028,001847,30,'product','2023-05-11 13:38:05','paid'),
(38,000116,000000,0,'product','2023-05-19 16:52:04','pending'),
(39,000223,001853,750,'product','2023-05-20 08:27:42','paid'),
(40,000179,000000,0,'product','2023-05-20 21:47:20','pending'),
(41,000179,000000,0,'wifi','2023-05-21 17:53:21','pending'),
(42,000227,000000,0,'product','2023-05-23 08:47:42','pending'),
(43,000078,000000,0,'product','2023-05-23 18:26:20','pending'),
(44,000200,000000,0,'product','2023-05-24 17:21:45','pending'),
(45,000228,000000,0,'product','2023-05-25 09:23:26','pending'),
(46,000210,000000,0,'wifi','2023-05-28 16:58:53','pending');
/*!40000 ALTER TABLE `transaction` ENABLE KEYS */;
UNLOCK TABLES;

--
-- Table structure for table `transaction_products`
--

DROP TABLE IF EXISTS `transaction_products`;
/*!40101 SET @saved_cs_client     = @@character_set_client */;
/*!40101 SET character_set_client = utf8mb4 */;
CREATE TABLE `transaction_products` (
  `trans_prodID` int(11) NOT NULL AUTO_INCREMENT,
  `transID` int(11) NOT NULL,
  `userID` int(6) unsigned zerofill NOT NULL,
  `productID` int(11) NOT NULL,
  `product_name` varchar(1550) NOT NULL,
  `product_price` int(11) NOT NULL,
  `product_qty` int(11) NOT NULL,
  `date_created` datetime NOT NULL,
  `print` varchar(50) NOT NULL,
  `status` varchar(150) NOT NULL,
  PRIMARY KEY (`trans_prodID`)
) ENGINE=InnoDB AUTO_INCREMENT=101 DEFAULT CHARSET=latin1 COLLATE=latin1_swedish_ci;
/*!40101 SET character_set_client = @saved_cs_client */;

--
-- Dumping data for table `transaction_products`
--

LOCK TABLES `transaction_products` WRITE;
/*!40000 ALTER TABLE `transaction_products` DISABLE KEYS */;
INSERT INTO `transaction_products` VALUES
(1,1,000207,9,'LOCKOUT RESCUE',300,1,'2023-03-09 09:29:06','yes','pending'),
(2,1,000207,10,'PORTABLE WATER DISPENSER',400,1,'2023-03-09 11:11:35','yes','pending'),
(3,2,000028,5,'5 GAL. DRINKING WATER',30,1,'2023-03-13 13:52:46','yes','paid'),
(4,3,000210,5,'5 GAL. DRINKING WATER',30,2,'2023-03-14 16:08:28','yes','pending'),
(5,4,000106,9,'LOCKOUT RESCUE',300,1,'2023-03-16 18:59:49','yes','pending'),
(6,4,000106,5,'5 GAL. DRINKING WATER',30,1,'2023-03-16 19:00:22','yes','pending'),
(7,5,000157,5,'5 GAL. DRINKING WATER',30,1,'2023-03-17 16:47:48','yes','pending'),
(8,5,000157,9,'LOCKOUT RESCUE',300,1,'2023-03-19 19:28:17','yes','pending'),
(9,6,000189,5,'5 GAL. DRINKING WATER',30,1,'2023-03-20 10:29:35','yes','pending'),
(10,7,000209,5,'5 GAL. DRINKING WATER',30,1,'2023-03-20 12:38:50','yes','pending'),
(11,8,000179,5,'5 GAL. DRINKING WATER',30,1,'2023-03-20 15:49:01','yes','paid'),
(12,9,000224,10,'PORTABLE WATER DISPENSER',400,1,'2023-03-25 12:56:29','yes','pending'),
(13,9,000224,5,'5 GAL. DRINKING WATER',30,1,'2023-03-25 12:56:50','yes','pending'),
(14,10,000078,5,'5 GAL. DRINKING WATER',30,1,'2023-03-25 14:45:32','yes','paid'),
(15,11,000220,5,'5 GAL. DRINKING WATER',30,1,'2023-03-25 15:06:24','yes','pending'),
(16,13,000204,5,'5 GAL. DRINKING WATER',30,1,'2023-03-28 07:17:32','yes','pending'),
(17,8,000179,5,'5 GAL. DRINKING WATER',30,1,'2023-03-29 22:03:56','yes','paid'),
(18,6,000189,5,'5 GAL. DRINKING WATER',30,1,'2023-03-30 09:17:56','yes','pending'),
(19,6,000189,9,'LOCKOUT RESCUE',300,1,'2023-03-30 16:39:45','yes','pending'),
(20,4,000106,5,'5 GAL. DRINKING WATER',30,1,'2023-03-31 07:20:25','yes','pending'),
(21,15,000169,5,'5 GAL. DRINKING WATER',30,1,'2023-03-31 15:29:08','yes','pending'),
(22,16,000177,5,'5 GAL. DRINKING WATER',30,1,'2023-04-01 14:26:33','yes','pending'),
(23,17,000005,5,'5 GAL. DRINKING WATER',30,1,'2023-04-02 09:53:39','yes','pending'),
(24,17,000005,5,'5 GAL. DRINKING WATER',30,1,'2023-04-02 09:53:41','yes','pending'),
(25,7,000209,5,'5 GAL. DRINKING WATER',30,1,'2023-04-02 19:24:52','yes','pending'),
(26,3,000210,5,'5 GAL. DRINKING WATER',30,1,'2023-04-03 23:08:53','yes','pending'),
(27,18,000203,5,'5 GAL. DRINKING WATER',30,2,'2023-04-04 15:06:00','yes','pending'),
(28,18,000203,10,'PORTABLE WATER DISPENSER',400,1,'2023-04-04 15:06:46','yes','pending'),
(29,18,000203,10,'PORTABLE WATER DISPENSER',400,1,'2023-04-04 15:06:46','yes','pending'),
(30,9,000224,5,'5 GAL. DRINKING WATER',30,1,'2023-04-05 19:49:37','yes','pending'),
(31,11,000220,5,'5 GAL. DRINKING WATER',30,1,'2023-04-06 11:38:57','yes','pending'),
(32,19,000154,5,'5 GAL. DRINKING WATER',30,1,'2023-04-09 21:20:45','yes','paid'),
(33,20,000187,5,'5 GAL. DRINKING WATER',30,1,'2023-04-10 13:13:52','yes','paid'),
(34,22,000179,5,'5 GAL. DRINKING WATER',30,1,'2023-04-13 15:58:30','yes','paid'),
(35,10,000078,5,'5 GAL. DRINKING WATER',30,1,'2023-04-13 17:09:14','yes','paid'),
(36,6,000189,5,'5 GAL. DRINKING WATER',30,1,'2023-04-13 20:40:34','yes','pending'),
(37,23,000187,9,'LOCKOUT RESCUE',300,1,'2023-04-15 03:01:58','yes','paid'),
(38,16,000177,5,'5 GAL. DRINKING WATER',30,1,'2023-04-15 14:30:26','yes','pending'),
(39,15,000169,5,'5 GAL. DRINKING WATER',30,1,'2023-04-16 07:51:47','yes','pending'),
(40,3,000210,5,'5 GAL. DRINKING WATER',30,1,'2023-04-16 22:10:27','yes','pending'),
(41,25,000188,5,'5 GAL. DRINKING WATER',30,1,'2023-04-17 08:42:06','yes','pending'),
(42,4,000106,5,'5 GAL. DRINKING WATER',30,1,'2023-04-17 13:07:58','yes','pending'),
(43,7,000209,5,'5 GAL. DRINKING WATER',30,1,'2023-04-18 20:00:49','yes','pending'),
(44,11,000220,5,'5 GAL. DRINKING WATER',30,1,'2023-04-19 10:25:39','yes','pending'),
(45,9,000224,5,'5 GAL. DRINKING WATER',30,1,'2023-04-21 19:50:26','yes','pending'),
(46,3,000210,5,'5 GAL. DRINKING WATER',30,1,'2023-04-24 18:04:23','yes','pending'),
(47,28,000200,5,'5 GAL. DRINKING WATER',30,1,'2023-04-25 12:24:34','yes','paid'),
(48,16,000177,5,'5 GAL. DRINKING WATER',30,1,'2023-04-26 10:15:17','yes','pending'),
(49,15,000169,5,'5 GAL. DRINKING WATER',30,1,'2023-04-26 22:38:07','yes','pending'),
(50,10,000078,5,'5 GAL. DRINKING WATER',30,1,'2023-04-27 17:53:29','yes','paid'),
(51,6,000189,5,'5 GAL. DRINKING WATER',30,1,'2023-04-28 14:27:10','yes','pending'),
(52,17,000005,5,'5 GAL. DRINKING WATER',30,1,'2023-04-29 09:51:25','yes','pending'),
(53,22,000179,5,'5 GAL. DRINKING WATER',30,1,'2023-04-29 10:40:29','yes','paid'),
(54,30,000213,5,'5 GAL. DRINKING WATER',30,1,'2023-04-29 16:47:48','yes','pending'),
(55,7,000209,9,'LOCKOUT RESCUE',300,1,'2023-04-30 18:39:13','yes','pending'),
(56,7,000209,5,'5 GAL. DRINKING WATER',30,1,'2023-05-01 19:18:48','yes','pending'),
(57,32,000164,5,'5 GAL. DRINKING WATER',30,1,'2023-05-02 18:15:54','yes','pending'),
(58,3,000210,5,'5 GAL. DRINKING WATER',30,2,'2023-05-03 08:56:12','yes','pending'),
(59,11,000220,5,'5 GAL. DRINKING WATER',30,1,'2023-05-04 11:22:00','yes','pending'),
(60,18,000203,5,'5 GAL. DRINKING WATER',30,2,'2023-05-04 14:38:08','yes','pending'),
(61,16,000177,5,'5 GAL. DRINKING WATER',30,1,'2023-05-04 18:04:21','yes','pending'),
(62,9,000224,5,'5 GAL. DRINKING WATER',30,1,'2023-05-04 20:14:07','yes','pending'),
(63,23,000187,5,'5 GAL. DRINKING WATER',30,1,'2023-05-05 14:18:08','yes','paid'),
(64,34,000154,5,'5 GAL. DRINKING WATER',30,1,'2023-05-05 20:31:34','yes','pending'),
(65,13,000204,5,'5 GAL. DRINKING WATER',30,1,'2023-05-05 20:38:13','yes','pending'),
(66,15,000169,5,'5 GAL. DRINKING WATER',30,1,'2023-05-06 11:39:45','yes','pending'),
(67,10,000078,5,'5 GAL. DRINKING WATER',30,1,'2023-05-07 18:51:26','yes','paid'),
(68,17,000005,5,'5 GAL. DRINKING WATER',30,1,'2023-05-09 19:15:46','yes','pending'),
(69,22,000179,5,'5 GAL. DRINKING WATER',30,1,'2023-05-10 19:55:17','yes','paid'),
(70,4,000106,5,'5 GAL. DRINKING WATER',30,1,'2023-05-11 06:43:08','yes','pending'),
(71,37,000028,5,'5 GAL. DRINKING WATER',30,1,'2023-05-11 13:38:05','yes','paid'),
(72,11,000220,5,'5 GAL. DRINKING WATER',30,1,'2023-05-13 14:15:09','yes','pending'),
(73,16,000177,5,'5 GAL. DRINKING WATER',30,1,'2023-05-13 22:45:51','yes','pending'),
(74,7,000209,5,'5 GAL. DRINKING WATER',30,1,'2023-05-14 20:54:31','yes','pending'),
(75,6,000189,5,'5 GAL. DRINKING WATER',30,1,'2023-05-15 16:52:12','yes','pending'),
(76,13,000204,5,'5 GAL. DRINKING WATER',30,1,'2023-05-16 07:05:36','yes','pending'),
(77,15,000169,5,'5 GAL. DRINKING WATER',30,1,'2023-05-16 16:23:29','yes','pending'),
(78,18,000203,9,'LOCKOUT RESCUE',300,1,'2023-05-16 22:04:23','yes','pending'),
(79,9,000224,5,'5 GAL. DRINKING WATER',30,1,'2023-05-17 19:42:38','yes','pending'),
(80,3,000210,9,'LOCKOUT RESCUE',300,1,'2023-05-18 23:18:12','yes','pending'),
(81,38,000116,5,'5 GAL. DRINKING WATER',30,1,'2023-05-19 16:52:04','yes','pending'),
(82,5,000157,5,'5 GAL. DRINKING WATER',30,1,'2023-05-19 19:22:08','yes','pending'),
(83,39,000223,10,'PORTABLE WATER DISPENSER',400,1,'2023-05-20 08:27:42','yes','paid'),
(84,3,000210,5,'5 GAL. DRINKING WATER',30,2,'2023-05-20 15:11:56','yes','pending'),
(85,40,000179,9,'LOCKOUT RESCUE',300,1,'2023-05-20 21:47:20','yes','pending'),
(86,17,000005,5,'5 GAL. DRINKING WATER',30,1,'2023-05-21 18:30:29','yes','pending'),
(87,11,000220,5,'5 GAL. DRINKING WATER',30,1,'2023-05-22 15:55:07','yes','pending'),
(88,16,000177,5,'5 GAL. DRINKING WATER',30,1,'2023-05-22 21:46:15','yes','pending'),
(89,42,000227,5,'5 GAL. DRINKING WATER',30,1,'2023-05-23 08:47:42','yes','pending'),
(90,43,000078,5,'5 GAL. DRINKING WATER',30,1,'2023-05-23 18:26:20','yes','pending'),
(91,40,000179,5,'5 GAL. DRINKING WATER',30,1,'2023-05-24 13:23:00','yes','pending'),
(92,44,000200,5,'5 GAL. DRINKING WATER',30,1,'2023-05-24 17:21:45','yes','pending'),
(93,45,000228,5,'5 GAL. DRINKING WATER',30,1,'2023-05-25 09:23:26','yes','pending'),
(94,30,000213,5,'5 GAL. DRINKING WATER',30,1,'2023-05-25 13:39:09','yes','pending'),
(95,6,000189,5,'5 GAL. DRINKING WATER',30,1,'2023-05-25 14:55:12','yes','pending'),
(96,15,000169,5,'5 GAL. DRINKING WATER',30,1,'2023-05-25 17:26:42','yes','pending'),
(97,7,000209,5,'5 GAL. DRINKING WATER',30,1,'2023-05-27 23:41:43','yes','pending'),
(98,5,000157,5,'5 GAL. DRINKING WATER',30,1,'2023-05-28 23:03:51','yes','pending'),
(99,0,000223,5,'5 GAL. DRINKING WATER',30,1,'2025-07-31 11:30:32','no','pending'),
(100,0,000223,5,'5 GAL. DRINKING WATER',30,1,'2025-07-31 12:15:21','no','pending');
/*!40000 ALTER TABLE `transaction_products` ENABLE KEYS */;
UNLOCK TABLES;

--
-- Table structure for table `transaction_wifi`
--

DROP TABLE IF EXISTS `transaction_wifi`;
/*!40101 SET @saved_cs_client     = @@character_set_client */;
/*!40101 SET character_set_client = utf8mb4 */;
CREATE TABLE `transaction_wifi` (
  `trans_voucherID` int(11) NOT NULL AUTO_INCREMENT,
  `transID` int(11) NOT NULL,
  `userID` int(6) unsigned zerofill NOT NULL,
  `voucherID` int(11) NOT NULL,
  `wifi_voucher` varchar(1550) NOT NULL,
  `wifi_voucher_code` varchar(550) NOT NULL,
  `wifi_voucher_days` varchar(550) NOT NULL,
  `wifi_price` int(11) NOT NULL,
  `wifi_qty` int(11) NOT NULL,
  `date_created` datetime NOT NULL,
  `print` varchar(50) NOT NULL,
  `status` varchar(50) NOT NULL,
  PRIMARY KEY (`trans_voucherID`)
) ENGINE=InnoDB AUTO_INCREMENT=20 DEFAULT CHARSET=latin1 COLLATE=latin1_swedish_ci;
/*!40101 SET character_set_client = @saved_cs_client */;

--
-- Dumping data for table `transaction_wifi`
--

LOCK TABLES `transaction_wifi` WRITE;
/*!40000 ALTER TABLE `transaction_wifi` DISABLE KEYS */;
INSERT INTO `transaction_wifi` VALUES
(1,12,000220,22,'30D','92549-91180','30',350,1,'2023-03-28 15:26:26','yes','pending'),
(2,14,000154,24,'30D','04378-21113','30',350,1,'2023-03-28 15:35:21','yes','paid'),
(3,14,000154,25,'30D','63634-43965','30',350,1,'2023-03-28 15:36:51','yes','paid'),
(4,14,000154,49,'30D','00909-58129','30',350,1,'2023-04-06 12:25:55','yes','paid'),
(5,21,000223,51,'30D','42664-70609','30',350,1,'2023-04-12 15:58:52','yes','paid'),
(6,24,000177,53,'30D','50827-62210','30',350,1,'2023-04-15 14:31:47','yes','pending'),
(7,26,000179,55,'30D','93724-53167','30',350,1,'2023-04-20 20:17:04','yes','paid'),
(8,27,000204,57,'30D','74306-31988','30',350,1,'2023-04-21 13:52:32','yes','pending'),
(9,12,000220,59,'30D','31011-24970','30',350,1,'2023-04-28 10:37:50','yes','pending'),
(10,29,000188,61,'30D','37306-39812','30',350,1,'2023-05-01 16:53:15','yes','pending'),
(11,33,000213,63,'30D','75288-10990','30',350,1,'2023-05-03 18:15:06','yes','pending'),
(12,33,000213,64,'30D','14832-23314','30',350,1,'2023-05-04 20:59:42','yes','pending'),
(13,31,000169,65,'30D','10881-86546','30',350,1,'2023-05-05 15:44:52','yes','pending'),
(14,35,000224,138,'90D','87686-67217','90',1000,1,'2023-05-06 08:37:08','yes','pending'),
(15,36,000154,67,'30D','73930-11126','30',350,1,'2023-05-08 02:17:09','yes','pending'),
(16,24,000177,68,'30D','53543-55763','30',350,1,'2023-05-17 16:25:36','yes','pending'),
(17,41,000179,70,'30D','79268-45626','30',350,1,'2023-05-21 17:53:34','yes','pending'),
(18,27,000204,71,'30D','91174-43205','30',350,1,'2023-05-25 19:19:48','yes','pending'),
(19,46,000210,140,'90D','03310-47167','90',1000,1,'2023-05-29 08:09:44','yes','pending');
/*!40000 ALTER TABLE `transaction_wifi` ENABLE KEYS */;
UNLOCK TABLES;

--
-- Table structure for table `users`
--

DROP TABLE IF EXISTS `users`;
/*!40101 SET @saved_cs_client     = @@character_set_client */;
/*!40101 SET character_set_client = utf8mb4 */;
CREATE TABLE `users` (
  `userID` int(6) unsigned zerofill NOT NULL AUTO_INCREMENT,
  `first_name` varchar(50) NOT NULL,
  `middle_name` varchar(50) NOT NULL,
  `last_name` varchar(50) NOT NULL,
  `company_name` varchar(500) NOT NULL,
  `contact_number` varchar(50) NOT NULL,
  `email` varchar(50) NOT NULL,
  `address` varchar(150) NOT NULL,
  `username` varchar(50) NOT NULL,
  `password` varchar(50) NOT NULL,
  `date_added` datetime NOT NULL,
  `date_updated` datetime NOT NULL,
  `user_type` varchar(50) NOT NULL,
  `in_use` varchar(10) NOT NULL,
  `active` varchar(10) NOT NULL,
  `edit` varchar(10) NOT NULL,
  `assigned` varchar(50) NOT NULL,
  PRIMARY KEY (`userID`),
  UNIQUE KEY `userID` (`userID`)
) ENGINE=InnoDB AUTO_INCREMENT=230 DEFAULT CHARSET=latin1 COLLATE=latin1_swedish_ci;
/*!40101 SET character_set_client = @saved_cs_client */;

--
-- Dumping data for table `users`
--

LOCK TABLES `users` WRITE;
/*!40000 ALTER TABLE `users` DISABLE KEYS */;
INSERT INTO `users` VALUES
(000001,'admin','admin','admin','','1234567890','door22@gmail.com','Mabolo,','admin','ADMINME','2016-05-24 10:09:00','2020-12-13 08:36:28','admin','yes','yes','yes','no'),
(000005,'Michael','','Ho','','','','','102001','22102','2016-05-26 13:56:13','2016-05-26 21:46:52','user','no','yes','no','yes'),
(000006,'Lourdes','','Mahusay','','','','','103001','22103','2016-05-26 13:56:41','2016-05-26 21:47:20','user','no','no','no','yes'),
(000007,'Gino','','Visitacion','','','','','104001','22104','2016-05-26 13:57:12','2016-05-26 21:47:46','user','no','no','no','yes'),
(000009,'Brando Hilary ','H.','Escudero','','','','','106001','22106','2016-05-26 13:58:17','2018-06-12 02:07:43','user','no','no','no','yes'),
(000019,'Francisco IV ','','Colinares','','','','','207001','22207','2016-05-26 14:07:15','2016-10-06 12:13:42','user','no','yes','no','yes'),
(000026,'Maribel','','Maido','','','','','305001','22305','2016-05-26 14:11:16','2017-01-21 10:40:38','user','no','no','no','yes'),
(000028,'Hans Christian','','Macam','','','','','308001','092681','2016-05-26 14:12:40','2018-06-12 02:06:38','user','no','no','no','yes'),
(000033,'Arlene','','Tano','','','','','220110','22001','2016-06-09 16:59:03','2018-06-12 02:05:51','user','no','yes','no','yes'),
(000035,'Joel','','Si','','','','','197109','092771','2016-06-09 17:05:32','2020-04-08 15:29:15','user','no','yes','no','yes'),
(000042,'Lemuel','','Romero','','','','','221001','220016','2016-07-11 14:10:20','2018-06-12 02:01:48','user','no','no','no','yes'),
(000056,'Maranatha Eatery','','','','','','','2201','2201','2017-01-17 09:31:10','2018-06-12 02:03:18','user','no','yes','no','yes'),
(000057,'Carlo Ricardo','M.','Sierra','','','','','309002','074600','2017-01-17 14:59:16','2017-02-15 13:07:55','user','no','no','','yes'),
(000058,'AHGS','','','','','','','17819','100783','2017-02-03 09:45:42','2017-09-27 16:20:33','user','no','no','no','yes'),
(000067,'Laiaine','B. ','Paradero','','','','','021020','221234','2017-04-24 12:08:27','2020-03-03 08:55:16','user','no','no','no','no'),
(000068,'Caitlin','A.','Apura','','','','','201004','220201','2017-06-21 11:50:37','2018-06-12 01:06:54','user','no','no','no','yes'),
(000070,'Leopoldo Jr.','','Molino ','','','','','208003','220208','2017-06-21 11:54:13','2018-06-12 02:09:14','user','no','no','no','yes'),
(000075,'Ryan','','Fernandez','','','','','307004','417171','2017-08-14 16:32:52','2018-06-12 01:02:36','user','no','no','no','yes'),
(000076,'Rogin','','Liza','','','','','306001','220306','2017-08-14 16:49:17','0000-00-00 00:00:00','user','no','no','','yes'),
(000078,'Khem','Q.','Benenoso','','','','','203002','22203','2017-09-05 01:29:50','2018-06-12 01:00:57','user','no','yes','no','yes'),
(000079,'Chloie Anne','M.','Pongase','','','','','107004','220107','2017-09-13 14:08:26','0000-00-00 00:00:00','user','no','no','','yes'),
(000080,'Patricia ','M.','Bustamante','','','','','101002','220101','2018-06-12 01:17:15','0000-00-00 00:00:00','user','no','no','','yes'),
(000081,'Kimberly','C.','Descuatan','','','','','105002','220105','2018-06-12 01:19:26','0000-00-00 00:00:00','user','no','no','','yes'),
(000082,'Yuki','','Nishioka','','','','','108002','080218','2018-06-12 01:21:29','2018-08-02 13:34:26','user','no','no','no','yes'),
(000083,'Emerson','O.','Atilon','','','','','109003','061782','2018-06-12 01:22:31','0000-00-00 00:00:00','user','no','no','','yes'),
(000084,'Leah','','Estilo','','','','','200004','220200','2018-06-12 01:23:59','0000-00-00 00:00:00','user','no','no','','yes'),
(000085,'Rosemary','','Barsobia','','','','','202003','031983','2018-06-12 01:25:30','0000-00-00 00:00:00','user','no','no','','yes'),
(000086,'Joy Capilitan','','Gamutan','','','','','205002','040315','2018-06-12 01:27:12','0000-00-00 00:00:00','user','no','no','','yes'),
(000087,'Aikel','S.','Gabayno','','','','','206002','071218','2018-06-12 01:28:49','2018-07-12 12:34:50','user','no','no','no','yes'),
(000088,'Ma. Teresa ','','Tadena','','','','','209002','220209','2018-06-12 01:30:18','0000-00-00 00:00:00','user','no','no','','yes'),
(000089,'Remz','','Segura','','','','','300002','221300','2018-06-12 01:31:42','2018-06-21 11:30:56','user','no','no','no','yes'),
(000090,'Michael ','Q.','Arguelles','','','','','301002','220301','2018-06-12 01:32:57','0000-00-00 00:00:00','user','no','no','','yes'),
(000091,'Kyzl Ivan','U.','Ardiente','','','','','302002','220302','2018-06-12 01:34:20','2021-07-12 23:46:41','user','no','no','no','yes'),
(000092,'Jonel','','Utana','','','','','303002','071618','2018-06-12 01:36:21','2018-07-16 08:22:48','user','no','no','no','yes'),
(000093,'Shoanne Marie','','Arangote','','','','','304004','220304','2018-06-12 01:38:10','0000-00-00 00:00:00','user','no','no','','yes'),
(000094,'Maranaha Convenience Store','','','','','','','2202','2202','2018-06-12 02:04:08','0000-00-00 00:00:00','user','no','no','','yes'),
(000095,'Suds','','','','','','','002001','081418','2018-06-12 02:04:49','2018-08-14 14:26:38','user','no','yes','no','yes'),
(000096,'Jan','','Maravilla','','','','','204003','220204','2018-06-25 09:41:45','2018-12-11 16:25:39','user','no','no','no','yes'),
(000097,'Jurine','D.','Tiu','','','','','100003','021618','2018-07-04 17:30:53','2020-05-04 17:53:24','user','no','no','','yes'),
(000098,'Jina','C.','Garol','','','','','221002','220017','2018-07-05 15:18:55','0000-00-00 00:00:00','user','no','no','','no'),
(000099,'Monica','O.','Rafols','','','','','201005','220201','2018-07-07 10:58:49','2018-07-07 11:01:38','user','no','no','no','yes'),
(000100,'Melania','G.','Gille','','','','','109004','220109','2018-07-23 14:10:54','2018-08-14 15:24:25','user','no','no','no','yes'),
(000101,'Yu Qi','','Wang','','','','','221003','220025','2018-07-23 14:21:45','0000-00-00 00:00:00','user','no','no','','no'),
(000102,'Joanna','','Canen','','','','','307005','220307','2018-08-02 14:50:32','0000-00-00 00:00:00','user','no','no','','no'),
(000103,'Kyle','V.','Lopez','','','','','208005','595388','2018-08-14 15:25:40','2018-08-15 16:54:33','user','no','no','','yes'),
(000104,'Benedicto','Cruz','Salalila','','','','','221004','220013','2018-09-04 16:26:28','0000-00-00 00:00:00','user','no','no','','no'),
(000105,'Hanz','C.','Milan','','','','','101003','101518','2018-09-17 10:42:26','2018-10-15 14:19:07','user','no','no','no','no'),
(000106,'Kana','','Matsuoka','','','','','307006','220307','2018-09-29 10:35:17','2018-09-29 10:52:55','user','no','yes','no','yes'),
(000107,'Joanna','','Canen','','','','','105003','220105','2018-10-18 10:51:11','0000-00-00 00:00:00','user','no','no','','no'),
(000108,'Jetterson','T.','Nueva','','','','','107005','220107','2018-10-18 10:51:55','2018-11-15 20:57:56','user','no','no','no','no'),
(000109,'Rami','H.','Gallego','','','','','300003','220300','2018-10-18 12:55:17','0000-00-00 00:00:00','user','no','no','','no'),
(000110,'Lovender','','Orozco','','','','','208006','061393','2018-12-03 10:30:56','2019-01-05 19:27:51','user','no','no','no','no'),
(000111,'Keisuke','','Nagamori','','','','','109005','220109','2018-12-03 10:32:19','0000-00-00 00:00:00','user','no','no','','no'),
(000112,'Reggie','P.','Sera','','','','','309005','220309','2018-12-11 16:26:30','2020-03-03 10:11:05','user','no','no','no','no'),
(000113,'Tsubasa','','Yamaguchi','','','','','105004','220105','2018-12-17 16:14:59','2018-12-17 16:41:49','user','no','no','no','no'),
(000114,'Hayato','','Yokomiya','','','','','101004','220104','2018-12-22 12:36:56','0000-00-00 00:00:00','user','no','no','','no'),
(000115,'Alessandro','A.','Caipang Jr.','','','','','206003','707070','2018-12-22 12:37:59','2019-01-04 18:46:25','user','no','no','','no'),
(000116,'Emerjane','','Bersabe','','','','','108003','220108','2019-01-25 15:39:11','2019-01-25 15:42:26','user','no','yes','no','yes'),
(000117,'Yuto','','Nakahira','','','','','309003','220309','2019-04-01 16:35:01','0000-00-00 00:00:00','user','no','no','','no'),
(000118,'Marvin Rey','P.','Dayaganon','','','','','107006','220107','2019-04-17 11:12:05','0000-00-00 00:00:00','user','no','no','','no'),
(000119,'George','T.','Liwag','','','','','222002','220027','2019-04-17 11:34:45','2019-09-05 10:25:26','user','no','no','no','no'),
(000120,'Mahalia','','Badilla','','','','','222003','220027','2019-04-26 16:06:49','0000-00-00 00:00:00','user','no','no','','no'),
(000121,'Odessa Faith','','Iwayan','','','','','208007','220208','2019-04-26 16:16:49','0000-00-00 00:00:00','user','no','no','','no'),
(000122,'Mahogany','','Caday','','','','','301004','220301','2019-04-28 08:55:29','2019-08-03 13:52:20','user','no','no','no','no'),
(000123,'Wei','','Zhang ','','','','','105005','220105','2019-04-28 09:01:48','0000-00-00 00:00:00','user','no','no','','no'),
(000124,'Kun Yan','','Xu','','','','','201006','220201','2019-05-07 11:01:06','0000-00-00 00:00:00','user','no','no','','no'),
(000125,'Khris','','Orlanda','','','','','301003','542417','2019-06-03 16:40:27','2019-06-15 20:11:05','user','no','no','no','no'),
(000126,'Arnelio ','Dela Cruz ','Caguiat ','','','','','103002','220103','2019-06-08 10:30:23','0000-00-00 00:00:00','user','no','no','yes','no'),
(000127,'Elisha James','L.','Barbosa','','','','','101005','220101','2019-06-24 10:57:16','0000-00-00 00:00:00','user','no','no','','no'),
(000128,'Juleane ','B.','Zosa ','','','','','109006','220109','2019-07-10 12:56:11','0000-00-00 00:00:00','user','no','no','','no'),
(000129,'Jeffrey ','',' Mirandilla','','','','','208009','220208','2019-07-15 19:06:59','0000-00-00 00:00:00','user','no','no','','no'),
(000130,'Ma. Shiela','','Estraza','','','','','106002','220106','2019-08-03 14:01:41','2019-09-18 22:43:00','user','no','no','no','no'),
(000131,'Jenez Chelsea','','Estraza','','','','','104003','220104','2019-08-03 14:02:37','2019-09-18 22:41:57','user','no','no','no','no'),
(000132,'Rhody Lou','A.','Acedillo','','','','','200006','198788','2019-08-06 12:03:32','2019-09-13 18:45:19','user','no','no','no','no'),
(000133,'Jacky Wennelyn','','Valeria','','','','','201007','122812','2019-08-17 08:58:26','2019-09-03 13:08:53','user','no','no','','no'),
(000135,'Romar','','Balberona','','','','','305002','220305','2019-09-05 10:30:55','2019-09-18 22:40:45','user','no','no','no','no'),
(000136,'Jeric','V.','Sadaya','','','','','301005','118421','2019-09-05 10:31:42','2019-11-15 15:15:13','user','no','no','no','no'),
(000137,'John Seth','','Salazar','','','','','209004','220209','2019-10-10 13:07:57','2020-06-05 22:30:07','user','no','no','no','no'),
(000138,'Analyn','B. ','Habla','','','','','309004','220309','2019-10-26 08:56:58','0000-00-00 00:00:00','user','no','no','','no'),
(000139,'Bernadeth Kharmell','','Liu','','','','','201008','220201','2019-11-18 11:13:58','0000-00-00 00:00:00','user','no','no','','no'),
(000140,'Guillermo','Y.','Enriquez','','','','','105008','220105','2019-11-18 11:14:53','2020-11-13 14:11:22','user','no','no','no','no'),
(000141,'Rami Roman','','Gallego','','','','','300004','220300','2020-02-08 15:10:53','0000-00-00 00:00:00','user','no','no','','no'),
(000142,'Alvin','','Tolentino','','','','','301006','220301','2020-03-03 10:13:18','2020-03-03 10:15:50','user','no','no','no','no'),
(000143,'Jenny','','Laurente','','','','','204005','220204','2020-03-03 10:15:08','0000-00-00 00:00:00','user','no','no','','no'),
(000144,'Arnold','C. ','Trinidad','','','','','105006','220105','2020-03-28 13:48:12','0000-00-00 00:00:00','user','no','no','','no'),
(000145,'Jose Antonio','D.','Arias','','','','','101006','220101','2020-07-03 18:47:22','2020-07-04 00:50:24','user','no','no','no','no'),
(000146,'John','','Navard','','','','','105007','220105','2020-07-03 18:47:58','0000-00-00 00:00:00','user','no','no','','no'),
(000147,'Herlvie','','Luna','','','','','107007','220107','2020-07-03 18:48:44','0000-00-00 00:00:00','user','no','no','','no'),
(000148,'Alex','','Chiong','','','','','221005','220011','2020-07-18 14:41:30','0000-00-00 00:00:00','user','no','yes','','yes'),
(000149,'Reynante','','Pitpitan','','','','','100004','220100','2020-09-02 13:17:28','0000-00-00 00:00:00','user','no','no','','no'),
(000150,'Luz Del Sol','','','','','','','220012','220002','2020-09-05 16:43:05','2020-09-05 16:52:11','user','no','no','no','no'),
(000151,'Kyle','','Gobencion','','','','','107008','220107','2020-09-05 17:03:10','0000-00-00 00:00:00','user','no','no','','no'),
(000152,'Rodel','','Miranda','','','','','101007','220101','2020-10-09 09:52:20','0000-00-00 00:00:00','user','no','no','yes','no'),
(000153,'Cedric Lester','','Amodia','','','','','221006','220012','2020-12-22 14:23:01','2020-12-22 14:28:51','user','no','no','no','no'),
(000154,'Angel Faith','','Laurente','','','','','106003','220106','2020-12-22 14:25:43','0000-00-00 00:00:00','user','no','no','','yes'),
(000155,'Kathelou Marish','L. ','Silabay','','','','','104004','220104','2020-12-30 10:32:39','0000-00-00 00:00:00','user','no','no','','no'),
(000156,'Rizalyn R. ','','Banatlao','','','','','300005','220300','2021-03-11 15:14:39','2021-03-11 15:53:50','user','no','no','no','no'),
(000157,'Nonito Fortes','','Gonzales','','','','','300006','220300','2021-06-03 17:16:56','2021-06-03 17:18:43','user','no','yes','no','yes'),
(000158,'Samuel Absalon Paillaleve','','Unquen','','','','','200007','220200','2021-06-22 07:52:52','0000-00-00 00:00:00','user','no','no','','no'),
(000159,'Gilbert','','Serrano','','','','','220111','221002','2021-06-23 07:36:02','0000-00-00 00:00:00','user','no','no','','no'),
(000160,'Irene','Suarez','Abella','','','','','209005','220209','2021-07-12 23:39:38','0000-00-00 00:00:00','user','no','no','','no'),
(000161,'Margeaux','','Martinez','','','','','302004','220304','2021-07-12 23:40:58','2022-04-10 16:38:31','user','no','no','no','yes'),
(000162,'Djan Dyll','U. ','Ardiente','','','','','302003','220302','2021-07-12 23:56:53','0000-00-00 00:00:00','user','no','no','','no'),
(000163,'Ric Angelo','H.','Aquino','','','','','104005','220104','2021-07-17 14:39:55','2021-07-17 14:40:46','user','no','no','no','no'),
(000164,'Krystle','R. ','Pagalilauan','','','','','204006','220204','2021-08-02 22:02:55','0000-00-00 00:00:00','user','no','yes','','yes'),
(000165,'Charmila','R.','Siplon','','','','','205003','220205','2021-08-02 22:05:54','2021-08-02 22:08:30','user','no','no','no','no'),
(000167,'Michael','H.','Hill','','','','','101008','12345','2021-08-17 15:43:05','2023-02-27 12:00:57','user','no','no','no','no'),
(000168,'Anna Marie','G. ','Enriquez','','','','','221007','220027','2021-09-09 17:19:18','0000-00-00 00:00:00','user','no','no','','no'),
(000169,'Cheryl Leslie','D. ','Co','','','','','206004','220206','2021-10-12 14:03:07','0000-00-00 00:00:00','user','no','yes','','yes'),
(000170,'Marife','P. ','Laborte','','','','','109007','220107','2021-10-12 14:04:01','0000-00-00 00:00:00','user','no','no','','no'),
(000171,'Gina ','Y. ','Alcantara','','','','','221008','220016','2021-10-20 10:00:10','2021-10-20 10:06:17','user','no','no','no','no'),
(000172,'John Roel','G. ','Cabana','','','','','106004','220106','2021-10-20 10:01:04','2021-10-20 10:03:08','user','no','no','no','no'),
(000175,'Diana Rose','','Balingit','','','','','107009','220107','2021-11-23 08:19:22','2021-11-23 08:19:22','user','no','no','no','yes'),
(000176,'Angela Christie','Apat','Ang','','','','','305003','220305','2021-12-04 15:52:52','2021-12-04 15:52:52','user','no','no','no','no'),
(000177,'Anthony Leigh Calapne','','Sibi','','','','','304005','220304','2022-04-10 16:37:04','2022-04-10 16:37:04','user','no','yes','no','yes'),
(000178,'Friedrich Kyle','','Tabanao','','','','','200008','220200','2022-04-11 17:09:24','2022-04-11 17:09:24','user','no','yes','no','yes'),
(000179,'Ma. Victoria ','C.','Sonas','','','','','202004','220202','2022-04-11 17:10:16','2022-04-11 17:10:16','user','no','yes','no','yes'),
(000180,'John Joel ','','Batusbatusan','','','','','103003','220103','2022-05-05 10:23:18','2022-05-05 10:23:18','user','no','no','no','no'),
(000182,'Maria Kimberly','','Sasam','','','','','305004','220305','2022-05-05 10:27:31','2022-05-05 10:27:31','user','no','no','no','yes'),
(000183,'Marry Joy','A.','Estacio','','','','','104006','220104','2022-05-05 10:28:35','2022-05-05 10:28:35','user','no','no','no','yes'),
(000184,'Dael','','Pajarillo','','','','','100005','220100','2022-06-26 11:14:11','2022-06-26 11:14:11','user','no','no','no','yes'),
(000185,'Kim John ','A. ','Bautista','','','','','109008','220109','2022-07-11 14:21:30','2022-07-11 14:21:30','user','no','no','no','no'),
(000186,'Ma. Erna','P. ','Camacho','','','','','205004','220205','2022-07-11 14:23:00','2022-07-11 14:23:00','user','no','no','no','yes'),
(000187,'Dorothy Jane','B. ','Otaza','','','','','107010','220107','2022-08-08 12:58:16','2022-08-08 12:58:16','user','no','yes','no','yes'),
(000188,'Jessa Marie','L. ','Deguilmo','','','','','309006','220309','2022-08-08 13:01:41','2022-08-08 13:01:41','user','no','yes','yes','yes'),
(000189,'Hannah Marifel','M.','Bornillo','','','','','208010','220208','2022-08-08 13:12:07','2022-08-08 13:12:07','user','no','yes','no','yes'),
(000190,'Carmina Grace','R.','Yuson','','','','','221009','220029','2022-08-08 13:13:43','2022-08-08 13:15:54','user','no','no','no','no'),
(000191,'Amylee Dianne ','D.','Trinidad','','','','','109009','220109','2022-09-02 09:33:26','2022-09-02 09:33:26','user','no','no','no','no'),
(000192,'Bryan Victor','','Robiego','','','','','306002','220306','2022-09-02 09:35:30','2022-09-02 09:49:50','user','no','no','no','no'),
(000193,'Ma. Camille','','Pundavela','','','','','301007','220301','2022-09-02 09:46:28','2022-09-02 09:46:28','user','no','no','no','yes'),
(000194,'Romar','','Balberona','','','','','305005','220305','2022-09-02 11:19:29','2022-09-02 11:19:29','user','no','no','no','no'),
(000195,'Liezel','P. ','Alivio','','','','','302005','220302','2022-09-15 20:19:36','2022-09-15 20:19:36','user','no','no','no','yes'),
(000196,'Angelica Abella','','Cuado','','','','','104007','220104','2022-11-03 16:09:24','2022-11-03 16:09:24','user','no','no','no','no'),
(000197,'Justin','','Manigo','','','','','306003','220306','2022-11-03 16:10:26','2022-11-03 16:14:53','user','no','no','no','no'),
(000198,'Joshua','C.','Restor','','','','','205005','220205','2022-12-05 23:26:18','2022-12-05 23:26:18','user','no','no','no','no'),
(000199,'Jay Krizia','','Ghai','','','','','222004','220026','2022-12-12 15:45:04','2022-12-12 15:45:04','user','no','yes','yes','yes'),
(000200,'Kristie Ann','','Claracay','','','','','302006','220302','2022-12-13 16:12:43','2022-12-13 16:12:43','user','no','yes','no','yes'),
(000202,'Yoo Jae ','','Young','','','','','221011','220017','2022-12-23 15:39:48','2022-12-23 15:39:48','user','no','no','no','no'),
(000203,'Charity','T.','Fernandez','','','','','301008','220301','2022-12-23 15:40:41','2022-12-23 15:40:41','user','no','yes','no','yes'),
(000204,'Romar','','Balberona','','','','','201009','220201','2023-01-04 18:50:16','2023-01-04 18:50:16','user','no','yes','no','yes'),
(000205,'Aichel Vian','O.','Crisostomo','','','','','103004','220103','2023-01-04 18:51:13','2023-01-04 18:51:13','user','no','no','no','no'),
(000206,'Frederick','','Yap','','','','','109010','220109','2023-01-04 18:56:26','2023-01-04 18:56:26','user','no','yes','no','yes'),
(000207,'Dummy','Dummy','Dummy','Dummy','123123123123','dummy@gmail.com','Cebu City','000123','012345','2023-01-16 14:12:37','2023-01-16 14:12:37','user','no','yes','no','yes'),
(000208,'Janine ','N.','Dela Cerna','','','','','103005','220103','2023-02-17 10:35:01','2023-02-17 10:35:01','user','no','yes','no','yes'),
(000209,'Gaehannes','B.','Saren','','','','','104008','220104','2023-02-17 10:37:59','2023-02-17 10:37:59','user','no','yes','no','yes'),
(000210,'Sean','A.','Beduya','','','','','209006','220209','2023-02-17 10:44:21','2023-05-26 09:03:31','user','no','yes','no','yes'),
(000211,'Andrew Malcolm','S.','Calixihan','','','','','222005','220021','2023-02-17 10:54:07','2023-02-17 10:54:07','user','no','yes','no','yes'),
(000212,'Melchor ','R.','Rabo','','','','','222006','220023','2023-02-17 10:55:45','2023-02-17 10:55:45','user','no','no','no','yes'),
(000213,'Maria Flor','I.','Cabiling','','','','','222007','220027','2023-02-17 10:57:53','2023-02-17 10:57:53','user','no','yes','no','yes'),
(000219,'Paul','Arcaya','Decena','','','','','101009','220101','2023-03-09 15:14:10','2023-03-09 15:17:56','user','no','yes','no','yes'),
(000220,'Paul Marco','S.','Samson','','','','','303003','220303','2023-03-09 15:23:28','2023-03-09 15:23:28','user','no','yes','no','yes'),
(000221,'Clint Carl','A.','Sensano','','','','','222008','220025','2023-03-09 15:37:40','2023-03-09 15:37:40','user','no','yes','no','yes'),
(000222,'Rodil','P.','Flancia','','','','','221012','220012','2023-03-09 15:40:31','2023-03-09 15:40:31','user','no','yes','no','yes'),
(000223,'Loveleny','D.','Mayol','','','','','221986','020186','2023-03-13 10:47:23','2023-03-13 10:47:23','user','no','yes','no','yes'),
(000224,'Zorayda','H.','Caidic','','','','','205006','220205','2023-03-18 14:40:26','2023-03-18 14:40:26','user','no','yes','yes','yes'),
(000226,'Ernesto','M.','Oducayen','','','','','305006','220305','2023-05-10 11:26:49','2023-05-18 15:50:42','user','no','yes','yes','yes'),
(000227,'Ma.','','Lumambas','','','','','106005','220106','2023-05-15 14:33:08','2023-05-25 07:41:19','user','no','yes','no','yes'),
(000228,'Clyton','O.','Navarro','','','','','105009','220105','2023-05-25 09:21:59','2023-05-25 09:21:59','user','no','yes','no','yes'),
(000229,'Kirsten May','F.','Grengia','','','','','100006','220100','2023-05-26 08:59:33','2023-05-26 08:59:33','user','no','yes','no','yes');
/*!40000 ALTER TABLE `users` ENABLE KEYS */;
UNLOCK TABLES;

--
-- Table structure for table `wifi_vouchers`
--

DROP TABLE IF EXISTS `wifi_vouchers`;
/*!40101 SET @saved_cs_client     = @@character_set_client */;
/*!40101 SET character_set_client = utf8mb4 */;
CREATE TABLE `wifi_vouchers` (
  `voucherID` int(11) NOT NULL AUTO_INCREMENT,
  `wifi_voucher` varchar(550) NOT NULL,
  `wifi_voucher_code` varchar(550) NOT NULL,
  `wifi_voucher_days` varchar(150) NOT NULL,
  `wifi_price` varchar(150) NOT NULL,
  `date_added` datetime NOT NULL,
  `voucher_status` varchar(150) NOT NULL,
  `is_added` int(11) NOT NULL,
  PRIMARY KEY (`voucherID`)
) ENGINE=InnoDB AUTO_INCREMENT=156 DEFAULT CHARSET=latin1 COLLATE=latin1_swedish_ci;
/*!40101 SET character_set_client = @saved_cs_client */;

--
-- Dumping data for table `wifi_vouchers`
--

LOCK TABLES `wifi_vouchers` WRITE;
/*!40000 ALTER TABLE `wifi_vouchers` DISABLE KEYS */;
INSERT INTO `wifi_vouchers` VALUES
(22,'30D','92549-91180','30','350','2023-02-06 10:22:57','used',1),
(24,'30D','04378-21113','30','350','2023-02-06 10:22:57','used',1),
(25,'30D','63634-43965','30','350','2023-02-06 10:22:57','used',1),
(49,'30D','00909-58129','30','350','2023-02-06 10:22:57','used',1),
(50,'30D','82174-55488','30','350','2023-02-06 10:22:57','used',1),
(51,'30D','42664-70609','30','350','2023-02-06 10:22:57','used',1),
(52,'30D','36532-29155','30','350','2023-02-06 10:22:57','used',1),
(53,'30D','50827-62210','30','350','2023-02-06 10:22:57','used',1),
(54,'30D','87164-31162','30','350','2023-02-06 10:22:57','used',1),
(55,'30D','93724-53167','30','350','2023-02-06 10:22:57','used',1),
(56,'30D','15256-33090','30','350','2023-02-06 10:22:57','used',1),
(57,'30D','74306-31988','30','350','2023-02-06 10:22:57','used',1),
(58,'30D','76040-77239','30','350','2023-02-06 10:22:57','used',1),
(59,'30D','31011-24970','30','350','2023-02-06 10:22:57','used',1),
(60,'30D','79727-31490','30','350','2023-02-06 10:22:57','used',1),
(61,'30D','37306-39812','30','350','2023-02-06 10:22:57','used',1),
(62,'30D','13771-44816','30','350','2023-02-06 10:22:57','used',1),
(63,'30D','75288-10990','30','350','2023-02-06 10:22:57','used',1),
(64,'30D','14832-23314','30','350','2023-02-06 10:22:57','used',1),
(65,'30D','10881-86546','30','350','2023-02-06 10:22:57','used',1),
(66,'30D','02712-82344','30','350','2023-02-06 10:22:57','used',1),
(67,'30D','73930-11126','30','350','2023-02-06 10:22:57','used',1),
(68,'30D','53543-55763','30','350','2023-02-06 10:22:57','used',1),
(69,'30D','68611-13605','30','350','2023-02-06 10:22:57','used',1),
(70,'30D','79268-45626','30','350','2023-02-06 10:22:57','used',1),
(71,'30D','91174-43205','30','350','2023-02-06 10:22:57','used',1),
(72,'30D','02434-36189','30','350','2023-02-06 10:22:57','used',1),
(73,'30D','66837-75911','30','350','2023-02-06 10:22:57','used',1),
(74,'30D','45126-93189','30','350','2023-02-06 10:22:57','enabled',0),
(75,'30D','65087-75017','30','350','2023-02-06 10:22:57','enabled',0),
(76,'30D','39606-95066','30','350','2023-02-06 10:22:57','enabled',0),
(77,'30D','99196-31586','30','350','2023-02-06 10:22:57','enabled',0),
(78,'30D','73345-42301','30','350','2023-02-06 10:22:57','enabled',0),
(79,'30D','65686-62819','30','350','2023-02-06 10:22:57','enabled',0),
(80,'30D','78123-12001','30','350','2023-02-06 10:22:57','enabled',0),
(81,'30D','50837-91263','30','350','2023-02-06 10:22:57','enabled',0),
(82,'30D','67141-18493','30','350','2023-02-06 10:22:57','enabled',0),
(83,'30D','85002-18800','30','350','2023-02-06 10:22:57','enabled',0),
(84,'30D','88865-84264','30','350','2023-02-06 10:22:57','enabled',0),
(85,'30D','96254-45513','30','350','2023-02-06 10:22:57','enabled',0),
(86,'30D','88623-36411','30','350','2023-02-06 10:22:57','enabled',0),
(87,'30D','90281-32458','30','350','2023-02-06 10:22:57','enabled',0),
(88,'30D','96170-53815','30','350','2023-02-06 10:22:57','enabled',0),
(90,'30D','12486-96890','30','350','2023-02-06 10:22:57','enabled',0),
(91,'30D','04977-11399','30','350','2023-02-06 10:22:57','enabled',0),
(92,'30D','96130-39301','30','350','2023-02-06 10:22:57','enabled',0),
(93,'30D','57567-68785','30','350','2023-02-06 10:22:57','enabled',0),
(95,'30D','47545-80089','30','350','2023-02-06 10:22:57','enabled',0),
(96,'30D','49085-57044','30','350','2023-02-06 10:22:57','enabled',0),
(97,'30D','36933-97546','30','350','2023-02-06 10:22:57','enabled',0),
(98,'30D','82211-59760','30','350','2023-02-06 10:22:57','enabled',0),
(99,'30D','92857-80720','30','350','2023-02-06 10:22:57','enabled',0),
(100,'30D','19403-74522','30','350','2023-02-06 10:22:57','enabled',0),
(101,'30D','55150-62538','30','350','2023-02-06 10:22:57','enabled',0),
(103,'30D','02708-07465','30','350','2023-02-06 10:22:57','enabled',0),
(105,'30D','15799-50671','30','350','2023-02-06 10:22:57','enabled',0),
(107,'30D','42108-50634','30','350','2023-02-06 10:22:57','enabled',0),
(108,'30D','21957-25830','30','350','2023-02-06 10:22:57','enabled',0),
(109,'30D','39982-53815','30','350','2023-02-06 10:22:57','enabled',0),
(110,'30D','69917-74281','30','350','2023-02-06 10:22:57','enabled',0),
(111,'30D','82290-40001','30','350','2023-02-06 10:22:57','enabled',0),
(112,'30D','01151-95864','30','350','2023-02-06 10:22:57','enabled',0),
(136,'90D','51902-48943','90','1000','2023-02-06 15:34:42','used',1),
(138,'90D','87686-67217','90','1000','2023-02-06 15:34:42','used',1),
(139,'90D','46243-40833','90','1000','2023-02-06 15:34:42','used',1),
(140,'90D','03310-47167','90','1000','2023-02-06 15:34:42','used',1),
(141,'90D','55179-09223','90','1000','2023-03-29 11:22:44','enabled',0),
(142,'90D','96140-43009','90','1000','2023-03-29 11:22:44','enabled',0),
(143,'90D','54188-16244','90','1000','2023-03-29 11:22:44','enabled',0),
(144,'90D','19030-49453','90','1000','2023-03-29 11:22:44','enabled',0),
(145,'90D','53922-41106','90','1000','2023-03-29 11:22:44','enabled',0),
(146,'90D','03185-29356','90','1000','2023-03-29 11:22:44','enabled',0),
(147,'90D','44993-21310','90','1000','2023-03-29 11:22:44','enabled',0),
(148,'90D','16597-23477','90','1000','2023-03-29 11:22:44','enabled',0),
(149,'90D','70186-35490','90','1000','2023-03-29 11:22:44','enabled',0),
(150,'90D','77545-85397','90','1000','2023-03-29 11:22:44','enabled',0),
(151,'90D','66912-57523','90','1000','2023-03-29 11:22:44','enabled',0),
(152,'90D','99960-61883','90','1000','2023-03-29 11:22:44','enabled',0),
(153,'90D','94142-09767','90','1000','2023-03-29 11:22:44','enabled',0),
(154,'90D','63877-91032','90','1000','2023-03-29 11:22:44','enabled',0),
(155,'90D','49011-64020','90','1000','2023-03-29 11:22:44','enabled',0);
/*!40000 ALTER TABLE `wifi_vouchers` ENABLE KEYS */;
UNLOCK TABLES;
/*!40103 SET TIME_ZONE=@OLD_TIME_ZONE */;

/*!40101 SET SQL_MODE=@OLD_SQL_MODE */;
/*!40014 SET FOREIGN_KEY_CHECKS=@OLD_FOREIGN_KEY_CHECKS */;
/*!40014 SET UNIQUE_CHECKS=@OLD_UNIQUE_CHECKS */;
/*!40101 SET CHARACTER_SET_CLIENT=@OLD_CHARACTER_SET_CLIENT */;
/*!40101 SET CHARACTER_SET_RESULTS=@OLD_CHARACTER_SET_RESULTS */;
/*!40101 SET COLLATION_CONNECTION=@OLD_COLLATION_CONNECTION */;
/*!40111 SET SQL_NOTES=@OLD_SQL_NOTES */;

-- Dump completed on 2025-07-31 12:29:09
